[
    {
        "name": "India",
        "flag": "🇮🇳"
    },
    {
        "name": "Afghanistan",
        "flag": "🇦🇫"
    },
    {
        "name": "Egypt",
        "flag": "🇪🇬"
    },
    {
        "name": "Åland Islands",
        "flag": "🇦🇽"
    },
    {
        "name": "Albania",
        "flag": "🇦🇱"
    },
    {
        "name": "Algeria",
        "flag": "🇩🇿"
    },
    {
        "name": "American Samoa",
        "flag": "🇦🇸"
    },
    {
        "name": "Andorra",
        "flag": "🇦🇩"
    },
    {
        "name": "Angola",
        "flag": "🇦🇴"
    },
    {
        "name": "Anguilla",
        "flag": "🇦🇮"
    },
    {
        "name": "Antarctica",
        "flag": "🇦🇶"
    },
    {
        "name": "Antigua and Barbuda",
        "flag": "🇦🇬"
    },
    {
        "name": "Equatorial Guinea",
        "flag": "🇬🇶"
    },
    {
        "name": "Argentina",
        "flag": "🇦🇷"
    },
    {
        "name": "Armenia",
        "flag": "🇦🇲"
    },
    {
        "name": "Aruba",
        "flag": "🇦🇼"
    },
    {
        "name": "Azerbaijan",
        "flag": "🇦🇿"
    },
    {
        "name": "Ethiopia",
        "flag": "🇪🇹"
    },
    {
        "name": "Australia",
        "flag": "🇦🇺"
    },
    {
        "name": "Bahamas",
        "flag": "🇧🇸"
    },
    {
        "name": "Bahrain",
        "flag": "🇧🇭"
    },
    {
        "name": "Bangladesh",
        "flag": "🇧🇩"
    },
    {
        "name": "Barbados",
        "flag": "🇧🇧"
    },
    {
        "name": "Belarus",
        "flag": "🇧🇾"
    },
    {
        "name": "Belgium",
        "flag": "🇧🇪"
    },
    {
        "name": "Belize",
        "flag": "🇧🇿"
    },
    {
        "name": "Benin",
        "flag": "🇧🇯"
    },
    {
        "name": "Bermuda",
        "flag": "🇧🇲"
    },
    {
        "name": "Bhutan",
        "flag": "🇧🇹"
    },
    {
        "name": "Bolivia",
        "flag": "🇧🇴"
    },
    {
        "name": "Bosnia and Herzegovina",
        "flag": "🇧🇦"
    },
    {
        "name": "Botswana",
        "flag": "🇧🇼"
    },
    {
        "name": "Bouvet Island",
        "flag": "🇧🇻"
    },
    {
        "name": "Brazil",
        "flag": "🇧🇷"
    },
    {
        "name": "British Indian Ocean Territory",
        "flag": "🇮🇴"
    },
    {
        "name": "Brunei",
        "flag": "🇧🇳"
    },
    {
        "name": "Bulgaria",
        "flag": "🇧🇬"
    },
    {
        "name": "Burkina Faso",
        "flag": "🇧🇫"
    },
    {
        "name": "Burundi",
        "flag": "🇧🇮"
    },
    {
        "name": "Chile",
        "flag": "🇨🇱"
    },
    {
        "name": "China",
        "flag": "🇨🇳"
    },
    {
        "name": "Cook Islands",
        "flag": "🇨🇰"
    },
    {
        "name": "Costa Rica",
        "flag": "🇨🇷"
    },
    {
        "name": "Curacao",
        "flag": "🇨🇼"
    },
    {
        "name": "Denmark",
        "flag": "🇩🇰"
    },
    {
        "name": "Democratic Republic of the Congo",
        "flag": "🇨🇩"
    },
    {
        "name": "Germany",
        "flag": "🇩🇪"
    },
    {
        "name": "Dominica",
        "flag": "🇩🇲"
    },
    {
        "name": "Dominican Republic",
        "flag": "🇩🇴"
    },
    {
        "name": "Djibouti",
        "flag": "🇩🇯"
    },
    {
        "name": "Ecuador",
        "flag": "🇪🇨"
    },
    {
        "name": "El Salvador",
        "flag": "🇸🇻"
    },
    {
        "name": "Ivory Coast",
        "flag": "🇨🇮"
    },
    {
        "name": "Eritrea",
        "flag": "🇪🇷"
    },
    {
        "name": "Estonia",
        "flag": "🇪🇪"
    },
    {
        "name": "Eswatini",
        "flag": "🇸🇿"
    },
    {
        "name": "Falkland Islands",
        "flag": "🇫🇰"
    },
    {
        "name": "Faroe Islands",
        "flag": "🇫🇴"
    },
    {
        "name": "Fiji",
        "flag": "🇫🇯"
    },
    {
        "name": "Finland",
        "flag": "🇫🇮"
    },
    {
        "name": "Federated States of Micronesia",
        "flag": "🇫🇲"
    },
    {
        "name": "France",
        "flag": "🇫🇷"
    },
    {
        "name": "French Guiana",
        "flag": "🇬🇫"
    },
    {
        "name": "French Polynesia",
        "flag": "🇵🇫"
    },
    {
        "name": "French Southern and Antarctic Lands",
        "flag": "🇹🇫"
    },
    {
        "name": "Principality of Monaco",
        "flag": "🇲🇨"
    },
    {
        "name": "Gabon",
        "flag": "🇬🇦"
    },
    {
        "name": "Gambia",
        "flag": "🇬🇲"
    },
    {
        "name": "Georgia",
        "flag": "🇬🇪"
    },
    {
        "name": "Ghana",
        "flag": "🇬🇭"
    },
    {
        "name": "Gibraltar",
        "flag": "🇬🇮"
    },
    {
        "name": "Grenada",
        "flag": "🇬🇩"
    },
    {
        "name": "Greece",
        "flag": "🇬🇷"
    },
    {
        "name": "Greenland",
        "flag": "🇬🇱"
    },
    {
        "name": "Guadeloupe",
        "flag": "🇬🇵"
    },
    {
        "name": "Guam",
        "flag": "🇬🇺"
    },
    {
        "name": "Guatemala",
        "flag": "🇬🇹"
    },
    {
        "name": "Guernsey",
        "flag": "🇬🇬"
    },
    {
        "name": "Guinea",
        "flag": "🇬🇳"
    },
    {
        "name": "Guinea-Bissau",
        "flag": "🇬🇼"
    },
    {
        "name": "Guyana",
        "flag": "🇬🇾"
    },
    {
        "name": "Haiti",
        "flag": "🇭🇹"
    },
    {
        "name": "Heard Island and McDonald Islands",
        "flag": "🇭🇲"
    },
    {
        "name": "Honduras",
        "flag": "🇭🇳"
    },
    {
        "name": "Hong Kong",
        "flag": "🇭🇰"
    },
    {
        "name": "Indonesia",
        "flag": "🇮🇩"
    },
    {
        "name": "Isle of Man",
        "flag": "🇮🇲"
    },
    {
        "name": "Iraq",
        "flag": "🇮🇶"
    },
    {
        "name": "Iran",
        "flag": "🇮🇷"
    },
    {
        "name": "Ireland",
        "flag": "🇮🇪"
    },
    {
        "name": "Iceland",
        "flag": "🇮🇸"
    },
    {
        "name": "Israel",
        "flag": "🇮🇱"
    },
    {
        "name": "Italy",
        "flag": "🇮🇹"
    },
    {
        "name": "Jamaica",
        "flag": "🇯🇲"
    },
    {
        "name": "Japan",
        "flag": "🇯🇵"
    },
    {
        "name": "Yemen",
        "flag": "🇾🇪"
    },
    {
        "name": "Jersey",
        "flag": "🇯🇪"
    },
    {
        "name": "Jordan",
        "flag": "🇯🇴"
    },
    {
        "name": "British Virgin Islands",
        "flag": "🇻🇬"
    },
    {
        "name": "Virgin Islands",
        "flag": "🇻🇮"
    },
    {
        "name": "Cayman Islands",
        "flag": "🇰🇾"
    },
    {
        "name": "Cambodia",
        "flag": "🇰🇭"
    },
    {
        "name": "Cameroon",
        "flag": "🇨🇲"
    },
    {
        "name": "Canada",
        "flag": "🇨🇦"
    },
    {
        "name": "Cape Verde",
        "flag": "🇨🇻"
    },
    {
        "name": "Caribbean Netherlands",
        "flag": "🇧🇶"
    },
    {
        "name": "Kazakhstan",
        "flag": "🇰🇿"
    },
    {
        "name": "Qatar",
        "flag": "🇶🇦"
    },
    {
        "name": "Kenya",
        "flag": "🇰🇪"
    },
    {
        "name": "Kyrgyzstan",
        "flag": "🇰🇬"
    },
    {
        "name": "Kiribati",
        "flag": "🇰🇮"
    },
    {
        "name": "United States Minor Outlying Islands",
        "flag": "🇺🇲"
    },
    {
        "name": "Cocos (Keeling) Islands",
        "flag": "🇨🇨"
    },
    {
        "name": "Colombia",
        "flag": "🇨🇴"
    },
    {
        "name": "Comoros",
        "flag": "🇰🇲"
    },
    {
        "name": "Kosovo",
        "flag": "🇽🇰"
    },
    {
        "name": "Croatia",
        "flag": "🇭🇷"
    },
    {
        "name": "Cuba",
        "flag": "🇨🇺"
    },
    {
        "name": "Kuwait",
        "flag": "🇰🇼"
    },
    {
        "name": "Laos",
        "flag": "🇱🇦"
    },
    {
        "name": "Lesotho",
        "flag": "🇱🇸"
    },
    {
        "name": "Latvia",
        "flag": "🇱🇻"
    },
    {
        "name": "Lebanon",
        "flag": "🇱🇧"
    },
    {
        "name": "Liberia",
        "flag": "🇱🇷"
    },
    {
        "name": "Libya",
        "flag": "🇱🇾"
    },
    {
        "name": "Liechtenstein",
        "flag": "🇱🇮"
    },
    {
        "name": "Lithuania",
        "flag": "🇱🇹"
    },
    {
        "name": "Luxembourg",
        "flag": "🇱🇺"
    },
    {
        "name": "Macao",
        "flag": "🇲🇴"
    },
    {
        "name": "Madagascar",
        "flag": "🇲🇬"
    },
    {
        "name": "Malawi",
        "flag": "🇲🇼"
    },
    {
        "name": "Malaysia",
        "flag": "🇲🇾"
    },
    {
        "name": "Maldives",
        "flag": "🇲🇻"
    },
    {
        "name": "Mali",
        "flag": "🇲🇱"
    },
    {
        "name": "Malta",
        "flag": "🇲🇹"
    },
    {
        "name": "Morocco",
        "flag": "🇲🇦"
    },
    {
        "name": "Marshall Islands",
        "flag": "🇲🇭"
    },
    {
        "name": "Martinique",
        "flag": "🇲🇶"
    },
    {
        "name": "Mauritania",
        "flag": "🇲🇷"
    },
    {
        "name": "Mauritius",
        "flag": "🇲🇺"
    },
    {
        "name": "Mayotte",
        "flag": "🇾🇹"
    },
    {
        "name": "Mexico",
        "flag": "🇲🇽"
    },
    {
        "name": "Moldova",
        "flag": "🇲🇩"
    },
    {
        "name": "Mongolia",
        "flag": "🇲🇳"
    },
    {
        "name": "Montenegro",
        "flag": "🇲🇪"
    },
    {
        "name": "Montserrat",
        "flag": "🇲🇸"
    },
    {
        "name": "Mozambique",
        "flag": "🇲🇿"
    },
    {
        "name": "Myanmar",
        "flag": "🇲🇲"
    },
    {
        "name": "Namibia",
        "flag": "🇳🇦"
    },
    {
        "name": "Nauru",
        "flag": "🇳🇷"
    },
    {
        "name": "Nepal",
        "flag": "🇳🇵"
    },
    {
        "name": "New Caledonia",
        "flag": "🇳🇨"
    },
    {
        "name": "New Zealand",
        "flag": "🇳🇿"
    },
    {
        "name": "Nicaragua",
        "flag": "🇳🇮"
    },
    {
        "name": "Netherlands",
        "flag": "🇳🇱"
    },
    {
        "name": "Niger",
        "flag": "🇳🇪"
    },
    {
        "name": "Nigeria",
        "flag": "🇳🇬"
    },
    {
        "name": "Niue",
        "flag": "🇳🇺"
    },
    {
        "name": "North Korea",
        "flag": "🇰🇵"
    },
    {
        "name": "Northern Mariana Islands",
        "flag": "🇲🇵"
    },
    {
        "name": "North Macedonia",
        "flag": "🇲🇰"
    },
    {
        "name": "Norfolk Island",
        "flag": "🇳🇫"
    },
    {
        "name": "Norway",
        "flag": "🇳🇴"
    },
    {
        "name": "Oman",
        "flag": "🇴🇲"
    },
    {
        "name": "Austria",
        "flag": "🇦🇹"
    },
    {
        "name": "East Timor",
        "flag": "🇹🇱"
    },
    {
        "name": "Pakistan",
        "flag": "🇵🇰"
    },
    {
        "name": "Palestine",
        "flag": "🇵🇸"
    },
    {
        "name": "Palau",
        "flag": "🇵🇼"
    },
    {
        "name": "Panama",
        "flag": "🇵🇦"
    },
    {
        "name": "Papua New Guinea",
        "flag": "🇵🇬"
    },
    {
        "name": "Paraguay",
        "flag": "🇵🇾"
    },
    {
        "name": "Peru",
        "flag": "🇵🇪"
    },
    {
        "name": "Philippines",
        "flag": "🇵🇭"
    },
    {
        "name": "Pitcairn Islands",
        "flag": "🇵🇳"
    },
    {
        "name": "Poland",
        "flag": "🇵🇱"
    },
    {
        "name": "Portugal",
        "flag": "🇵🇹"
    },
    {
        "name": "Puerto Rico",
        "flag": "🇵🇷"
    },
    {
        "name": "Republic of the Congo",
        "flag": "🇨🇬"
    },
    {
        "name": "Reunion",
        "flag": "🇷🇪"
    },
    {
        "name": "Rwanda",
        "flag": "🇷🇼"
    },
    {
        "name": "Romania",
        "flag": "🇷🇴"
    },
    {
        "name": "Russia",
        "flag": "🇷🇺"
    },
    {
        "name": "Saint Martin",
        "flag": "🇲🇫"
    },
    {
        "name": "Solomon Islands",
        "flag": "🇸🇧"
    },
    {
        "name": "Zambia",
        "flag": "🇿🇲"
    },
    {
        "name": "Samoa",
        "flag": "🇼🇸"
    },
    {
        "name": "San Marino",
        "flag": "🇸🇲"
    },
    {
        "name": "Saint Barthelemy",
        "flag": "🇧🇱"
    },
    {
        "name": "Sao Tome and Principe",
        "flag": "🇸🇹"
    },
    {
        "name": "Saudi Arabia",
        "flag": "🇸🇦"
    },
    {
        "name": "Sweden",
        "flag": "🇸🇪"
    },
    {
        "name": "Switzerland",
        "flag": "🇨🇭"
    },
    {
        "name": "Senegal",
        "flag": "🇸🇳"
    },
    {
        "name": "Serbia",
        "flag": "🇷🇸"
    },
    {
        "name": "Seychelles",
        "flag": "🇸🇨"
    },
    {
        "name": "Sierra Leone",
        "flag": "🇸🇱"
    },
    {
        "name": "Zimbabwe",
        "flag": "🇿🇼"
    },
    {
        "name": "Singapore",
        "flag": "🇸🇬"
    },
    {
        "name": "Sint Maarten",
        "flag": "🇸🇽"
    },
    {
        "name": "Slovakia",
        "flag": "🇸🇰"
    },
    {
        "name": "Slovenia",
        "flag": "🇸🇮"
    },
    {
        "name": "Somalia",
        "flag": "🇸🇴"
    },
    {
        "name": "Spain",
        "flag": "🇪🇸"
    },
    {
        "name": "Sri Lanka",
        "flag": "🇱🇰"
    },
    {
        "name": "Saint Helena, Ascension and Tristan da Cunha",
        "flag": "🇸🇭"
    },
    {
        "name": "Saint Kitts and Nevis",
        "flag": "🇰🇳"
    },
    {
        "name": "Saint Lucia",
        "flag": "🇱🇨"
    },
    {
        "name": "Saint Pierre and Miquelon",
        "flag": "🇵🇲"
    },
    {
        "name": "Saint Vincent and the Grenadines",
        "flag": "🇻🇨"
    },
    {
        "name": "South Africa",
        "flag": "🇿🇦"
    },
    {
        "name": "Sudan",
        "flag": "🇸🇩"
    },
    {
        "name": "South Georgia and South Sandwich Islands",
        "flag": "🇬🇸"
    },
    {
        "name": "South Korea",
        "flag": "🇰🇷"
    },
    {
        "name": "South Sudan",
        "flag": "🇸🇸"
    },
    {
        "name": "Suriname",
        "flag": "🇸🇷"
    },
    {
        "name": "Svalbard",
        "flag": "🇸🇯"
    },
    {
        "name": "Syria",
        "flag": "🇸🇾"
    },
    {
        "name": "Tajikistan",
        "flag": "🇹🇯"
    },
    {
        "name": "Taiwan",
        "flag": "🇹🇼"
    },
    {
        "name": "Tanzania",
        "flag": "🇹🇿"
    },
    {
        "name": "Thailand",
        "flag": "🇹🇭"
    },
    {
        "name": "Togo",
        "flag": "🇹🇬"
    },
    {
        "name": "Tokelau",
        "flag": "🇹🇰"
    },
    {
        "name": "Tonga",
        "flag": "🇹🇴"
    },
    {
        "name": "Trinidad and Tobago",
        "flag": "🇹🇹"
    },
    {
        "name": "Chad",
        "flag": "🇹🇩"
    },
    {
        "name": "Czechia",
        "flag": "🇨🇿"
    },
    {
        "name": "Tunisia",
        "flag": "🇹🇳"
    },
    {
        "name": "Turkey",
        "flag": "🇹🇷"
    },
    {
        "name": "Turkmenistan",
        "flag": "🇹🇲"
    },
    {
        "name": "Turks and Caicos Islands",
        "flag": "🇹🇨"
    },
    {
        "name": "Tuvalu",
        "flag": "🇹🇻"
    },
    {
        "name": "Uganda",
        "flag": "🇺🇬"
    },
    {
        "name": "Ukraine",
        "flag": "🇺🇦"
    },
    {
        "name": "Hungary",
        "flag": "🇭🇺"
    },
    {
        "name": "Uruguay",
        "flag": "🇺🇾"
    },
    {
        "name": "Uzbekistan",
        "flag": "🇺🇿"
    },
    {
        "name": "Vanuatu",
        "flag": "🇻🇺"
    },
    {
        "name": "Vatican City",
        "flag": "🇻🇦"
    },
    {
        "name": "Venezuela",
        "flag": "🇻🇪"
    },
    {
        "name": "United Arab Emirates",
        "flag": "🇦🇪"
    },
    {
        "name": "United States of America",
        "flag": "🇺🇸"
    },
    {
        "name": "United Kingdom",
        "flag": "🇬🇧"
    },
    {
        "name": "Vietnam",
        "flag": "🇻🇳"
    },
    {
        "name": "Wallis and Futuna",
        "flag": "🇼🇫"
    },
    {
        "name": "Christmas Island",
        "flag": "🇨🇽"
    },
    {
        "name": "Western Sahara",
        "flag": "🇪🇭"
    },
    {
        "name": "Central African Republic",
        "flag": "🇨🇫"
    },
    {
        "name": "Cyprus",
        "flag": "🇨🇾"
    }
]