{"v":"5.5.5","fr":29.9700012207031,"ip":0,"op":120.0000048877,"w":689,"h":551,"nm":"ic2","ddd":0,"assets":[],"layers":[{"ddd":0,"ind":1,"ty":4,"nm":"Layer 11 Outlines","sr":1,"ks":{"o":{"a":0,"k":100,"ix":11},"r":{"a":1,"k":[{"i":{"x":[0.667],"y":[1]},"o":{"x":[0.167],"y":[0.167]},"t":0,"s":[0]},{"t":120.0000048877,"s":[1800]}],"ix":10},"p":{"a":0,"k":[211.987,417.755,0],"ix":2},"a":{"a":0,"k":[25.981,25.981,0],"ix":1},"s":{"a":0,"k":[100,100,100],"ix":6}},"ao":0,"shapes":[{"ty":"gr","it":[{"ind":0,"ty":"sh","ix":1,"ks":{"a":0,"k":{"i":[[4.647999999999999,-2.401],[1.3520000000000003,5.266]],"o":[[8.886,-5.266],[-8.886,2.297]],"v":[[8.886,-5.266],[-8.886,2.297]],"c":true},"ix":2},"nm":"Path 1","mn":"ADBE Vector Shape - Group","hd":false,"_render":true},{"ty":"fl","c":{"a":0,"k":[0.8476,0.8606,0.9124,1],"ix":4},"o":{"a":0,"k":100,"ix":5},"r":1,"bm":0,"nm":"Fill 1","mn":"ADBE Vector Graphic - Fill","hd":false,"_render":true},{"ty":"tr","p":{"a":0,"k":[34.529,43.405],"ix":2},"a":{"a":0,"k":[0,0],"ix":1},"s":{"a":0,"k":[100,100],"ix":3},"r":{"a":0,"k":0,"ix":6},"o":{"a":0,"k":100,"ix":7},"sk":{"a":0,"k":0,"ix":4},"sa":{"a":0,"k":0,"ix":5},"nm":"Transform","_render":true}],"nm":"Group 1","np":4,"cix":2,"bm":0,"ix":1,"mn":"ADBE Vector Group","hd":false,"_render":true},{"ty":"gr","it":[{"ind":0,"ty":"sh","ix":1,"ks":{"a":0,"k":{"i":[[-9.896,-5.466],[-5.466,9.896],[9.896,5.465],[5.466,-9.896]],"o":[[-9.896,5.465],[5.466,9.896],[9.896,-5.466],[-5.466,-9.896]],"v":[[-9.896,0],[0,9.896],[9.896,0],[0,-9.896]],"c":true},"ix":2},"nm":"Path 1","mn":"ADBE Vector Shape - Group","hd":false,"_render":true},{"ty":"fl","c":{"a":0,"k":[0.8476,0.8606,0.9124,1],"ix":4},"o":{"a":0,"k":100,"ix":5},"r":1,"bm":0,"nm":"Fill 1","mn":"ADBE Vector Graphic - Fill","hd":false,"_render":true},{"ty":"tr","p":{"a":0,"k":[25.98,25.981],"ix":2},"a":{"a":0,"k":[0,0],"ix":1},"s":{"a":0,"k":[100,100],"ix":3},"r":{"a":0,"k":0,"ix":6},"o":{"a":0,"k":100,"ix":7},"sk":{"a":0,"k":0,"ix":4},"sa":{"a":0,"k":0,"ix":5},"nm":"Transform","_render":true}],"nm":"Group 2","np":4,"cix":2,"bm":0,"ix":2,"mn":"ADBE Vector Group","hd":false,"_render":true},{"ty":"gr","it":[{"ind":0,"ty":"sh","ix":1,"ks":{"a":0,"k":{"i":[[-25.731,-14.211],[-14.211,25.731],[25.731,14.21],[14.21,-25.731]],"o":[[-25.731,14.21],[14.21,25.731],[25.731,-14.211],[-14.211,-25.731]],"v":[[-25.731,0],[0,25.731],[25.731,0],[0,-25.731]],"c":true},"ix":2},"nm":"Path 1","mn":"ADBE Vector Shape - Group","hd":false,"_render":true},{"ty":"fl","c":{"a":0,"k":[0.3731,0.4469,0.4469,1],"ix":4},"o":{"a":0,"k":100,"ix":5},"r":1,"bm":0,"nm":"Fill 1","mn":"ADBE Vector Graphic - Fill","hd":false,"_render":true},{"ty":"tr","p":{"a":0,"k":[25.981,25.981],"ix":2},"a":{"a":0,"k":[0,0],"ix":1},"s":{"a":0,"k":[100,100],"ix":3},"r":{"a":0,"k":0,"ix":6},"o":{"a":0,"k":100,"ix":7},"sk":{"a":0,"k":0,"ix":4},"sa":{"a":0,"k":0,"ix":5},"nm":"Transform","_render":true}],"nm":"Group 3","np":4,"cix":2,"bm":0,"ix":3,"mn":"ADBE Vector Group","hd":false,"_render":true}],"ip":0,"op":899.000036617021,"st":0,"bm":0,"completed":true},{"ddd":0,"ind":2,"ty":4,"nm":"Layer 12 Outlines","sr":1,"ks":{"o":{"a":0,"k":100,"ix":11},"r":{"a":0,"k":0,"ix":10},"p":{"a":1,"k":[{"i":{"x":0.667,"y":1},"o":{"x":0.167,"y":0.167},"t":0,"s":[308.563,379.836,0],"to":[0.167,-0.667,0],"ti":[0,0,0]},{"i":{"x":0.667,"y":1},"o":{"x":0.333,"y":0},"t":30,"s":[309.563,375.836,0],"to":[0,0,0],"ti":[0,-0.667,0]},{"i":{"x":0.667,"y":1},"o":{"x":0.333,"y":0},"t":60,"s":[308.563,379.836,0],"to":[0,0.327,0],"ti":[-0.224,0.079,0]},{"i":{"x":0.667,"y":1},"o":{"x":0.333,"y":0},"t":90,"s":[309.563,375.836,0],"to":[0.233,-0.082,0],"ti":[-0.085,0,0]},{"t":120.0000048877,"s":[309.563,379.836,0]}],"ix":2},"a":{"a":0,"k":[54.169,14.793,0],"ix":1},"s":{"a":0,"k":[100,100,100],"ix":6}},"ao":0,"shapes":[{"ty":"gr","it":[{"ind":0,"ty":"sh","ix":1,"ks":{"a":0,"k":{"i":[[1.984,-1.0810000000000002],[1.098,2.001],[-1.984,1.115],[-1.098,-1.966]],"o":[[1.984,1.115],[-1.098,2.001],[-1.984,-1.0810000000000002],[1.098,-2.001]],"v":[[1.984,0.017],[0,2.001],[-1.984,0.017],[0,-1.966]],"c":true},"ix":2},"nm":"Path 1","mn":"ADBE Vector Shape - Group","hd":false,"_render":true},{"ty":"fl","c":{"a":0,"k":[0.64,0.712,1,1],"ix":4},"o":{"a":0,"k":100,"ix":5},"r":1,"bm":0,"nm":"Fill 1","mn":"ADBE Vector Graphic - Fill","hd":false,"_render":true},{"ty":"tr","p":{"a":0,"k":[73.725,2.288],"ix":2},"a":{"a":0,"k":[0,0],"ix":1},"s":{"a":0,"k":[100,100],"ix":3},"r":{"a":0,"k":0,"ix":6},"o":{"a":0,"k":100,"ix":7},"sk":{"a":0,"k":0,"ix":4},"sa":{"a":0,"k":0,"ix":5},"nm":"Transform","_render":true}],"nm":"Group 1","np":4,"cix":2,"bm":0,"ix":1,"mn":"ADBE Vector Group","hd":false,"_render":true},{"ty":"gr","it":[{"ind":0,"ty":"sh","ix":1,"ks":{"a":0,"k":{"i":[[3.88,2.639],[3.737,2.745],[2.144,3.914],[-0.8330000000000001,3.5250000000000004],[-2.25,1.9320000000000002],[-2.674,0.514],[-2.3209999999999997,-1.895],[-0.762,-3.276],[0.655,-3.737],[2.109,-3.667],[3.455,-3.028],[3.914,-2.568],[6.891,-5.58],[6.785,-5.685],[5.12,-7.067],[2.144,-8.06],[-0.9040000000000001,-7.846],[-3.8069999999999995,-6.4639999999999995],[-5.933000000000001,-4.021],[-6.891,-1.01],[-6.713,2.037],[-5.367,4.8709999999999996],[-2.923,7.069],[0.08899999999999997,8.06],[3.136,7.848],[6.005,6.465],[6.891,5.544]],"o":[[3.88,2.639],[3.028,3.5250000000000004],[0.05400000000000005,3.914],[-2.0020000000000002,2.356],[-2.604,1.0110000000000001],[-2.674,-1.045],[-1.1869999999999998,-2.994],[0.15900000000000003,-3.631],[1.647,-3.737],[3.029,-3.3129999999999997],[3.809,-2.674],[3.914,-2.568],[6.891,-5.58],[6.005,-6.4639999999999995],[3.136,-7.846],[0.08899999999999997,-8.06],[-2.923,-7.067],[-5.367,-4.904999999999999],[-6.713,-2.037],[-6.891,1.045],[-5.933000000000001,3.985],[-3.8069999999999995,6.465],[-0.9390000000000001,7.848],[2.144,8.06],[5.12,7.069],[6.785,5.651],[6.891,5.544]],"v":[[3.88,2.639],[3.737,2.745],[1.081,3.914],[-1.612,2.745],[-2.427,1.471],[-2.674,-0.018],[-1.577,-2.604],[-0.302,-3.453],[1.151,-3.737],[2.569,-3.489],[3.809,-2.674],[3.914,-2.568],[6.891,-5.58],[6.785,-5.685],[4.128,-7.456],[1.117,-8.06],[-1.931,-7.456],[-4.587,-5.685],[-6.323,-3.029],[-6.891,-0.018],[-6.323,3.029],[-4.587,5.651],[-1.931,7.458],[1.117,8.06],[4.128,7.458],[6.785,5.651],[6.891,5.544]],"c":true},"ix":2},"nm":"Path 1","mn":"ADBE Vector Shape - Group","hd":false,"_render":true},{"ty":"fl","c":{"a":0,"k":[0.64,0.712,1,1],"ix":4},"o":{"a":0,"k":100,"ix":5},"r":1,"bm":0,"nm":"Fill 1","mn":"ADBE Vector Graphic - Fill","hd":false,"_render":true},{"ty":"tr","p":{"a":0,"k":[61.591,14.97],"ix":2},"a":{"a":0,"k":[0,0],"ix":1},"s":{"a":0,"k":[100,100],"ix":3},"r":{"a":0,"k":0,"ix":6},"o":{"a":0,"k":100,"ix":7},"sk":{"a":0,"k":0,"ix":4},"sa":{"a":0,"k":0,"ix":5},"nm":"Transform","_render":true}],"nm":"Group 2","np":4,"cix":2,"bm":0,"ix":2,"mn":"ADBE Vector Group","hd":false,"_render":true},{"ty":"gr","it":[{"ind":0,"ty":"sh","ix":1,"ks":{"a":0,"k":{"i":[[-2.001,-8.272],[2.001,-8.272],[2.001,8.272],[-2.001,8.272]],"o":[[-2.001,-8.272],[2.001,-8.272],[2.001,8.272],[-2.001,8.272]],"v":[[-2.001,-8.272],[2.001,-8.272],[2.001,8.272],[-2.001,8.272]],"c":true},"ix":2},"nm":"Path 1","mn":"ADBE Vector Shape - Group","hd":false,"_render":true},{"ty":"fl","c":{"a":0,"k":[0.64,0.712,1,1],"ix":4},"o":{"a":0,"k":100,"ix":5},"r":1,"bm":0,"nm":"Fill 1","mn":"ADBE Vector Graphic - Fill","hd":false,"_render":true},{"ty":"tr","p":{"a":0,"k":[73.742,14.864],"ix":2},"a":{"a":0,"k":[0,0],"ix":1},"s":{"a":0,"k":[100,100],"ix":3},"r":{"a":0,"k":0,"ix":6},"o":{"a":0,"k":100,"ix":7},"sk":{"a":0,"k":0,"ix":4},"sa":{"a":0,"k":0,"ix":5},"nm":"Transform","_render":true}],"nm":"Group 3","np":4,"cix":2,"bm":0,"ix":3,"mn":"ADBE Vector Group","hd":false,"_render":true},{"ty":"gr","it":[{"ind":0,"ty":"sh","ix":1,"ks":{"a":0,"k":{"i":[[4.801,7.032],[4.801,11.425],[2.78,11.425],[0.761,11.213000000000001],[-1.8599999999999999,9.689],[-3.8089999999999997,7.316],[-4.801,4.198],[-4.801,-11.425],[-0.798,-11.425],[-0.798,-2.214],[4.801,-2.214],[4.801,2.179],[-0.798,2.179],[-0.798,3.029],[-0.44300000000000006,5.0840000000000005],[1.753,6.961],[4.801,6.961]],"o":[[4.801,7.032],[4.801,11.425],[1.7179999999999997,11.425],[-1.081,10.292],[-3.242,8.201],[-4.588,5.262],[-4.801,3.029],[-4.801,-11.425],[-0.798,-11.425],[-0.798,-2.214],[4.801,-2.214],[4.801,2.179],[-0.798,2.179],[-0.798,4.127],[0.903,6.6080000000000005],[2.78,6.961],[4.801,6.961]],"v":[[4.801,7.032],[4.801,11.425],[2.78,11.425],[-0.16,10.753],[-2.569,8.945],[-4.199,6.289],[-4.801,3.029],[-4.801,-11.425],[-0.798,-11.425],[-0.798,-2.214],[4.801,-2.214],[4.801,2.179],[-0.798,2.179],[-0.798,3.029],[0.23,5.828],[2.78,6.961],[4.801,6.961]],"c":true},"ix":2},"nm":"Path 1","mn":"ADBE Vector Shape - Group","hd":false,"_render":true},{"ty":"fl","c":{"a":0,"k":[0.64,0.712,1,1],"ix":4},"o":{"a":0,"k":100,"ix":5},"r":1,"bm":0,"nm":"Fill 1","mn":"ADBE Vector Graphic - Fill","hd":false,"_render":true},{"ty":"tr","p":{"a":0,"k":[83.839,11.676],"ix":2},"a":{"a":0,"k":[0,0],"ix":1},"s":{"a":0,"k":[100,100],"ix":3},"r":{"a":0,"k":0,"ix":6},"o":{"a":0,"k":100,"ix":7},"sk":{"a":0,"k":0,"ix":4},"sa":{"a":0,"k":0,"ix":5},"nm":"Transform","_render":true}],"nm":"Group 4","np":4,"cix":2,"bm":0,"ix":4,"mn":"ADBE Vector Group","hd":false,"_render":true},{"ty":"gr","it":[{"ind":0,"ty":"sh","ix":1,"ks":{"a":0,"k":{"i":[[8.042,-11.425],[8.042,3.029],[7.83,5.261],[6.412,8.166],[4.074,10.291],[1.098,11.425],[-2.196,11.425],[-2.196,7.032],[0,7.032],[1.5940000000000003,6.784],[3.295,5.225],[2.444,4.941999999999999],[0.638,5.296],[-2.161,5.0840000000000005],[-4.9590000000000005,3.596],[-6.979,1.187],[-8.042,-1.931],[-8.042,-11.425],[-3.791,-11.425],[-3.791,-3.1],[-3.4370000000000003,-1.045],[-1.063,0.868],[1.063,0.762],[2.444,0.05299999999999999],[3.3659999999999997,-1.081],[3.897,-2.569],[3.897,-11.425]],"o":[[8.042,-11.425],[8.042,4.198],[6.979,7.315],[4.96,9.689],[2.125,11.212000000000002],[0,11.425],[-2.196,11.425],[-2.196,7.032],[0.85,7.032],[2.87,5.8629999999999995],[3.011,4.729],[1.2400000000000002,5.225],[-1.098,5.296],[-4.109,4.162],[-6.412,2.073],[-7.829,-0.8679999999999999],[-8.042,-3.1],[-8.042,-11.425],[-3.791,-11.425],[-3.791,-2.002],[-1.9480000000000002,0.47800000000000004],[0.567,0.868],[2.02,0.3360000000000001],[3.118,-0.655],[3.791,-2.072],[3.897,-3.1],[3.897,-11.425]],"v":[[8.042,-11.425],[8.042,3.029],[7.404,6.288],[5.668,8.945],[3.118,10.752],[0,11.425],[-2.196,11.425],[-2.196,7.032],[0,7.032],[2.232,6.324],[3.543,4.446],[1.842,5.084],[0,5.296],[-3.118,4.623],[-5.668,2.816],[-7.404,0.159],[-8.042,-3.1],[-8.042,-11.425],[-3.791,-11.425],[-3.791,-3.1],[-2.692,-0.301],[0.071,0.868],[1.559,0.549],[2.763,-0.301],[3.578,-1.577],[3.897,-3.1],[3.897,-11.425]],"c":true},"ix":2},"nm":"Path 1","mn":"ADBE Vector Shape - Group","hd":false,"_render":true},{"ty":"fl","c":{"a":0,"k":[0.64,0.712,1,1],"ix":4},"o":{"a":0,"k":100,"ix":5},"r":1,"bm":0,"nm":"Fill 1","mn":"ADBE Vector Graphic - Fill","hd":false,"_render":true},{"ty":"tr","p":{"a":0,"k":[100.046,17.911],"ix":2},"a":{"a":0,"k":[0,0],"ix":1},"s":{"a":0,"k":[100,100],"ix":3},"r":{"a":0,"k":0,"ix":6},"o":{"a":0,"k":100,"ix":7},"sk":{"a":0,"k":0,"ix":4},"sa":{"a":0,"k":0,"ix":5},"nm":"Transform","_render":true}],"nm":"Group 5","np":4,"cix":2,"bm":0,"ix":5,"mn":"ADBE Vector Group","hd":false,"_render":true},{"ty":"gr","it":[{"ind":0,"ty":"sh","ix":1,"ks":{"a":0,"k":{"i":[[1.984,-1.0810000000000002],[1.098,2.001],[-1.984,1.115],[-1.098,-1.966]],"o":[[1.984,1.115],[-1.098,2.001],[-1.984,-1.0810000000000002],[1.098,-2.001]],"v":[[1.984,0.017],[0,2.001],[-1.984,0.017],[0,-1.966]],"c":true},"ix":2},"nm":"Path 1","mn":"ADBE Vector Shape - Group","hd":false,"_render":true},{"ty":"fl","c":{"a":0,"k":[0.64,0.712,1,1],"ix":4},"o":{"a":0,"k":100,"ix":5},"r":1,"bm":0,"nm":"Fill 1","mn":"ADBE Vector Graphic - Fill","hd":false,"_render":true},{"ty":"tr","p":{"a":0,"k":[2.269,2.288],"ix":2},"a":{"a":0,"k":[0,0],"ix":1},"s":{"a":0,"k":[100,100],"ix":3},"r":{"a":0,"k":0,"ix":6},"o":{"a":0,"k":100,"ix":7},"sk":{"a":0,"k":0,"ix":4},"sa":{"a":0,"k":0,"ix":5},"nm":"Transform","_render":true}],"nm":"Group 6","np":4,"cix":2,"bm":0,"ix":6,"mn":"ADBE Vector Group","hd":false,"_render":true},{"ty":"gr","it":[{"ind":0,"ty":"sh","ix":1,"ks":{"a":0,"k":{"i":[[-2.001,-8.272],[2.001,-8.272],[2.001,8.272],[-2.001,8.272]],"o":[[-2.001,-8.272],[2.001,-8.272],[2.001,8.272],[-2.001,8.272]],"v":[[-2.001,-8.272],[2.001,-8.272],[2.001,8.272],[-2.001,8.272]],"c":true},"ix":2},"nm":"Path 1","mn":"ADBE Vector Shape - Group","hd":false,"_render":true},{"ty":"fl","c":{"a":0,"k":[0.64,0.712,1,1],"ix":4},"o":{"a":0,"k":100,"ix":5},"r":1,"bm":0,"nm":"Fill 1","mn":"ADBE Vector Graphic - Fill","hd":false,"_render":true},{"ty":"tr","p":{"a":0,"k":[2.251,14.864],"ix":2},"a":{"a":0,"k":[0,0],"ix":1},"s":{"a":0,"k":[100,100],"ix":3},"r":{"a":0,"k":0,"ix":6},"o":{"a":0,"k":100,"ix":7},"sk":{"a":0,"k":0,"ix":4},"sa":{"a":0,"k":0,"ix":5},"nm":"Transform","_render":true}],"nm":"Group 7","np":4,"cix":2,"bm":0,"ix":7,"mn":"ADBE Vector Group","hd":false,"_render":true},{"ty":"gr","it":[{"ind":0,"ty":"sh","ix":1,"ks":{"a":0,"k":{"i":[[-8.041,-0.036],[-7.829,-2.197],[-6.412999999999999,-4.994000000000001],[-4.11,-7.015000000000001],[-1.1340000000000001,-8.078],[2.162,-7.865],[4.9959999999999996,-6.412],[7.014,-4.109999999999999],[8.077,-1.1340000000000001],[8.077,8.078],[3.826,8.078],[3.826,-0.036],[3.7190000000000003,-1.027],[3.0460000000000003,-2.409],[1.949,-3.3289999999999997],[0.49600000000000005,-3.826],[-2.019,-3.472],[-3.826,-1.098],[-3.826,8.078],[-8.077,8.078],[-8.077,-0.036]],"o":[[-8.041,-1.1340000000000001],[-6.979,-4.145],[-4.96,-6.412],[-2.162,-7.865],[1.0979999999999999,-8.078],[4.146,-7.015000000000001],[6.4479999999999995,-4.9590000000000005],[7.864,-2.161],[8.077,-0.036],[8.077,8.078],[3.826,8.078],[3.826,-0.532],[3.294,-1.9829999999999999],[2.373,-3.046],[1.028,-3.755],[-1.099,-3.826],[-3.471,-1.9829999999999999],[-3.826,-0.036],[-3.826,8.078],[-8.077,8.078],[-8.077,-0.036]],"v":[[-8.041,-0.036],[-7.404,-3.154],[-5.704,-5.703],[-3.153,-7.44],[-0.036,-8.078],[3.153,-7.44],[5.704,-5.703],[7.439,-3.154],[8.077,-0.036],[8.077,8.078],[3.826,8.078],[3.826,-0.036],[3.507,-1.523],[2.692,-2.727],[1.488,-3.542],[-0.036,-3.826],[-2.727,-2.727],[-3.826,-0.036],[-3.826,8.078],[-8.077,8.078],[-8.077,-0.036]],"c":true},"ix":2},"nm":"Path 1","mn":"ADBE Vector Shape - Group","hd":false,"_render":true},{"ty":"fl","c":{"a":0,"k":[0.64,0.712,1,1],"ix":4},"o":{"a":0,"k":100,"ix":5},"r":1,"bm":0,"nm":"Fill 1","mn":"ADBE Vector Graphic - Fill","hd":false,"_render":true},{"ty":"tr","p":{"a":0,"k":[15.589,15.13],"ix":2},"a":{"a":0,"k":[0,0],"ix":1},"s":{"a":0,"k":[100,100],"ix":3},"r":{"a":0,"k":0,"ix":6},"o":{"a":0,"k":100,"ix":7},"sk":{"a":0,"k":0,"ix":4},"sa":{"a":0,"k":0,"ix":5},"nm":"Transform","_render":true}],"nm":"Group 8","np":4,"cix":2,"bm":0,"ix":8,"mn":"ADBE Vector Group","hd":false,"_render":true},{"ty":"gr","it":[{"ind":0,"ty":"sh","ix":1,"ks":{"a":0,"k":{"i":[[4.801,7.032],[4.801,11.425],[2.78,11.425],[0.761,11.213000000000001],[-1.8599999999999999,9.689],[-3.808,7.316],[-4.801,4.198],[-4.801,-11.425],[-0.797,-11.425],[-0.797,-2.214],[4.801,-2.214],[4.801,2.179],[-0.797,2.179],[-0.797,3.029],[-0.44300000000000006,5.0840000000000005],[1.7890000000000001,6.961],[4.801,6.961]],"o":[[4.801,7.032],[4.801,11.425],[1.7179999999999997,11.425],[-1.081,10.292],[-3.242,8.201],[-4.588,5.262],[-4.801,3.029],[-4.801,-11.425],[-0.797,-11.425],[-0.797,-2.214],[4.801,-2.214],[4.801,2.179],[-0.797,2.179],[-0.797,4.127],[0.903,6.6080000000000005],[2.781,6.961],[4.801,6.961]],"v":[[4.801,7.032],[4.801,11.425],[2.78,11.425],[-0.159,10.753],[-2.569,8.945],[-4.199,6.289],[-4.801,3.029],[-4.801,-11.425],[-0.797,-11.425],[-0.797,-2.214],[4.801,-2.214],[4.801,2.179],[-0.797,2.179],[-0.797,3.029],[0.23,5.828],[2.781,6.961],[4.801,6.961]],"c":true},"ix":2},"nm":"Path 1","mn":"ADBE Vector Shape - Group","hd":false,"_render":true},{"ty":"fl","c":{"a":0,"k":[0.64,0.712,1,1],"ix":4},"o":{"a":0,"k":100,"ix":5},"r":1,"bm":0,"nm":"Fill 1","mn":"ADBE Vector Graphic - Fill","hd":false,"_render":true},{"ty":"tr","p":{"a":0,"k":[31.832,11.676],"ix":2},"a":{"a":0,"k":[0,0],"ix":1},"s":{"a":0,"k":[100,100],"ix":3},"r":{"a":0,"k":0,"ix":6},"o":{"a":0,"k":100,"ix":7},"sk":{"a":0,"k":0,"ix":4},"sa":{"a":0,"k":0,"ix":5},"nm":"Transform","_render":true}],"nm":"Group 9","np":4,"cix":2,"bm":0,"ix":9,"mn":"ADBE Vector Group","hd":false,"_render":true},{"ty":"gr","it":[{"ind":0,"ty":"sh","ix":1,"ks":{"a":0,"k":{"i":[[4.818,-8.077],[4.818,-3.79],[2.763,-3.79],[0.921,-3.436],[-0.78,-1.0619999999999998],[-0.78,8.077],[-4.818,8.077],[-4.818,-0.035],[-4.606,-2.196],[-3.259,-4.995],[-1.099,-7.015],[1.736,-8.042],[4.818,-8.042]],"o":[[4.818,-8.077],[4.818,-3.79],[1.771,-3.79],[-0.42500000000000004,-1.9480000000000002],[-0.78,-0.035],[-0.78,8.077],[-4.818,8.077],[-4.818,-1.134],[-3.826,-4.145],[-1.9129999999999998,-6.448],[0.744,-7.829],[2.763,-8.042],[4.818,-8.042]],"v":[[4.818,-8.077],[4.818,-3.79],[2.763,-3.79],[0.248,-2.692],[-0.78,-0.035],[-0.78,8.077],[-4.818,8.077],[-4.818,-0.035],[-4.216,-3.153],[-2.586,-5.703],[-0.177,-7.404],[2.763,-8.042],[4.818,-8.042]],"c":true},"ix":2},"nm":"Path 1","mn":"ADBE Vector Shape - Group","hd":false,"_render":true},{"ty":"fl","c":{"a":0,"k":[0.64,0.712,1,1],"ix":4},"o":{"a":0,"k":100,"ix":5},"r":1,"bm":0,"nm":"Fill 1","mn":"ADBE Vector Graphic - Fill","hd":false,"_render":true},{"ty":"tr","p":{"a":0,"k":[44.781,15.094],"ix":2},"a":{"a":0,"k":[0,0],"ix":1},"s":{"a":0,"k":[100,100],"ix":3},"r":{"a":0,"k":0,"ix":6},"o":{"a":0,"k":100,"ix":7},"sk":{"a":0,"k":0,"ix":4},"sa":{"a":0,"k":0,"ix":5},"nm":"Transform","_render":true}],"nm":"Group 10","np":4,"cix":2,"bm":0,"ix":10,"mn":"ADBE Vector Group","hd":false,"_render":true}],"ip":0,"op":899.000036617021,"st":0,"bm":0,"completed":true},{"ddd":0,"ind":3,"ty":4,"nm":"Layer 10 Outlines","sr":1,"ks":{"o":{"a":0,"k":100,"ix":11},"r":{"a":1,"k":[{"i":{"x":[0.833],"y":[0.833]},"o":{"x":[0.167],"y":[0.167]},"t":0,"s":[0]},{"t":120.0000048877,"s":[1800]}],"ix":10},"p":{"a":0,"k":[414.983,417.755,0],"ix":2},"a":{"a":0,"k":[25.981,25.981,0],"ix":1},"s":{"a":0,"k":[100,100,100],"ix":6}},"ao":0,"shapes":[{"ty":"gr","it":[{"ind":0,"ty":"sh","ix":1,"ks":{"a":0,"k":{"i":[[-3.613999999999999,-2.7279999999999998],[4.435999999999999,-4.929]],"o":[[-8.495,-4.257],[8.495,4.929]],"v":[[-8.495,-4.257],[8.495,4.929]],"c":true},"ix":2},"nm":"Path 1","mn":"ADBE Vector Shape - Group","hd":false,"_render":true},{"ty":"fl","c":{"a":0,"k":[0.8476,0.8606,0.9124,1],"ix":4},"o":{"a":0,"k":100,"ix":5},"r":1,"bm":0,"nm":"Fill 1","mn":"ADBE Vector Graphic - Fill","hd":false,"_render":true},{"ty":"tr","p":{"a":0,"k":[33.862,6.862],"ix":2},"a":{"a":0,"k":[0,0],"ix":1},"s":{"a":0,"k":[100,100],"ix":3},"r":{"a":0,"k":0,"ix":6},"o":{"a":0,"k":100,"ix":7},"sk":{"a":0,"k":0,"ix":4},"sa":{"a":0,"k":0,"ix":5},"nm":"Transform","_render":true}],"nm":"Group 1","np":4,"cix":2,"bm":0,"ix":1,"mn":"ADBE Vector Group","hd":false,"_render":true},{"ty":"gr","it":[{"ind":0,"ty":"sh","ix":1,"ks":{"a":0,"k":{"i":[[-9.896,-5.466],[-5.466,9.896],[9.896,5.465],[5.465,-9.896]],"o":[[-9.896,5.465],[5.465,9.896],[9.896,-5.466],[-5.466,-9.896]],"v":[[-9.896,0],[-0.001,9.896],[9.896,0],[-0.001,-9.896]],"c":true},"ix":2},"nm":"Path 1","mn":"ADBE Vector Shape - Group","hd":false,"_render":true},{"ty":"fl","c":{"a":0,"k":[0.8476,0.8606,0.9124,1],"ix":4},"o":{"a":0,"k":100,"ix":5},"r":1,"bm":0,"nm":"Fill 1","mn":"ADBE Vector Graphic - Fill","hd":false,"_render":true},{"ty":"tr","p":{"a":0,"k":[25.981,25.981],"ix":2},"a":{"a":0,"k":[0,0],"ix":1},"s":{"a":0,"k":[100,100],"ix":3},"r":{"a":0,"k":0,"ix":6},"o":{"a":0,"k":100,"ix":7},"sk":{"a":0,"k":0,"ix":4},"sa":{"a":0,"k":0,"ix":5},"nm":"Transform","_render":true}],"nm":"Group 2","np":4,"cix":2,"bm":0,"ix":2,"mn":"ADBE Vector Group","hd":false,"_render":true},{"ty":"gr","it":[{"ind":0,"ty":"sh","ix":1,"ks":{"a":0,"k":{"i":[[-25.731,-14.211],[-14.211,25.731],[25.731,14.21],[14.21,-25.731]],"o":[[-25.731,14.21],[14.21,25.731],[25.731,-14.211],[-14.211,-25.731]],"v":[[-25.731,0],[-0.001,25.731],[25.731,0],[-0.001,-25.731]],"c":true},"ix":2},"nm":"Path 1","mn":"ADBE Vector Shape - Group","hd":false,"_render":true},{"ty":"fl","c":{"a":0,"k":[0.3731,0.4469,0.4469,1],"ix":4},"o":{"a":0,"k":100,"ix":5},"r":1,"bm":0,"nm":"Fill 1","mn":"ADBE Vector Graphic - Fill","hd":false,"_render":true},{"ty":"tr","p":{"a":0,"k":[25.981,25.981],"ix":2},"a":{"a":0,"k":[0,0],"ix":1},"s":{"a":0,"k":[100,100],"ix":3},"r":{"a":0,"k":0,"ix":6},"o":{"a":0,"k":100,"ix":7},"sk":{"a":0,"k":0,"ix":4},"sa":{"a":0,"k":0,"ix":5},"nm":"Transform","_render":true}],"nm":"Group 3","np":4,"cix":2,"bm":0,"ix":3,"mn":"ADBE Vector Group","hd":false,"_render":true}],"ip":0,"op":899.000036617021,"st":0,"bm":0,"completed":true},{"ddd":0,"ind":4,"ty":4,"nm":"Layer 13 Outlines","sr":1,"ks":{"o":{"a":0,"k":100,"ix":11},"r":{"a":0,"k":0,"ix":10},"p":{"a":1,"k":[{"i":{"x":0.833,"y":0.833},"o":{"x":0.167,"y":0.167},"t":0,"s":[315.414,353.443,0],"to":[0,-0.042,0],"ti":[0,0.754,0]},{"i":{"x":0.833,"y":0.833},"o":{"x":0.167,"y":0.167},"t":30,"s":[317.414,347.942,0],"to":[0,-0.173,0],"ti":[0,0.07,0]},{"i":{"x":0.833,"y":0.833},"o":{"x":0.167,"y":0.167},"t":60,"s":[315.414,352.5,0],"to":[0,-0.067,0],"ti":[0,-0.42,0]},{"i":{"x":0.833,"y":0.833},"o":{"x":0.167,"y":0.167},"t":90,"s":[316.414,347.9,0],"to":[0,0.548,0],"ti":[0,0.141,0]},{"t":120.0000048877,"s":[315.414,350.443,0]}],"ix":2},"a":{"a":0,"k":[168.978,64.564,0],"ix":1},"s":{"a":0,"k":[100,100,100],"ix":6}},"ao":0,"shapes":[{"ty":"gr","it":[{"ind":0,"ty":"sh","ix":1,"ks":{"a":0,"k":{"i":[[-11.118,-20.886],[-8.475,-20.886],[11.118,20.886],[8.474,20.886]],"o":[[-11.118,-20.886],[-8.475,-20.886],[11.118,20.886],[8.474,20.886]],"v":[[-11.118,-20.886],[-8.475,-20.886],[11.118,20.886],[8.474,20.886]],"c":true},"ix":2},"nm":"Path 1","mn":"ADBE Vector Shape - Group","hd":false,"_render":true},{"ty":"fl","c":{"a":0,"k":[0.9679,0.9687,0.9721,1],"ix":4},"o":{"a":0,"k":100,"ix":5},"r":1,"bm":0,"nm":"Fill 1","mn":"ADBE Vector Graphic - Fill","hd":false,"_render":true},{"ty":"tr","p":{"a":0,"k":[29.594,31.484],"ix":2},"a":{"a":0,"k":[0,0],"ix":1},"s":{"a":0,"k":[100,100],"ix":3},"r":{"a":0,"k":0,"ix":6},"o":{"a":0,"k":100,"ix":7},"sk":{"a":0,"k":0,"ix":4},"sa":{"a":0,"k":0,"ix":5},"nm":"Transform","_render":true}],"nm":"Group 1","np":4,"cix":2,"bm":0,"ix":1,"mn":"ADBE Vector Group","hd":false,"_render":true},{"ty":"gr","it":[{"ind":0,"ty":"sh","ix":1,"ks":{"a":0,"k":{"i":[[-12.441,-20.886],[-7.153,-20.886],[12.441,20.886],[7.152,20.886]],"o":[[-12.441,-20.886],[-7.153,-20.886],[12.441,20.886],[7.152,20.886]],"v":[[-12.441,-20.886],[-7.153,-20.886],[12.441,20.886],[7.152,20.886]],"c":true},"ix":2},"nm":"Path 1","mn":"ADBE Vector Shape - Group","hd":false,"_render":true},{"ty":"fl","c":{"a":0,"k":[0.9661,0.9677,0.9739,1],"ix":4},"o":{"a":0,"k":100,"ix":5},"r":1,"bm":0,"nm":"Fill 1","mn":"ADBE Vector Graphic - Fill","hd":false,"_render":true},{"ty":"tr","p":{"a":0,"k":[37.136,31.484],"ix":2},"a":{"a":0,"k":[0,0],"ix":1},"s":{"a":0,"k":[100,100],"ix":3},"r":{"a":0,"k":0,"ix":6},"o":{"a":0,"k":100,"ix":7},"sk":{"a":0,"k":0,"ix":4},"sa":{"a":0,"k":0,"ix":5},"nm":"Transform","_render":true}],"nm":"Group 2","np":4,"cix":2,"bm":0,"ix":2,"mn":"ADBE Vector Group","hd":false,"_render":true},{"ty":"gr","it":[{"ind":0,"ty":"sh","ix":1,"ks":{"a":0,"k":{"i":[[11.118,20.886],[8.474,20.886],[-11.118,-20.886],[-8.475,-20.886]],"o":[[11.118,20.886],[8.474,20.886],[-11.118,-20.886],[-8.475,-20.886]],"v":[[11.118,20.886],[8.474,20.886],[-11.118,-20.886],[-8.475,-20.886]],"c":true},"ix":2},"nm":"Path 1","mn":"ADBE Vector Shape - Group","hd":false,"_render":true},{"ty":"fl","c":{"a":0,"k":[0.9661,0.9677,0.9739,1],"ix":4},"o":{"a":0,"k":100,"ix":5},"r":1,"bm":0,"nm":"Fill 1","mn":"ADBE Vector Graphic - Fill","hd":false,"_render":true},{"ty":"tr","p":{"a":0,"k":[48.835,31.484],"ix":2},"a":{"a":0,"k":[0,0],"ix":1},"s":{"a":0,"k":[100,100],"ix":3},"r":{"a":0,"k":0,"ix":6},"o":{"a":0,"k":100,"ix":7},"sk":{"a":0,"k":0,"ix":4},"sa":{"a":0,"k":0,"ix":5},"nm":"Transform","_render":true}],"nm":"Group 3","np":4,"cix":2,"bm":0,"ix":3,"mn":"ADBE Vector Group","hd":false,"_render":true},{"ty":"gr","it":[{"ind":0,"ty":"sh","ix":1,"ks":{"a":0,"k":{"i":[[-11.118,-20.886],[-8.475,-20.886],[11.118,20.886],[8.474,20.886]],"o":[[-11.118,-20.886],[-8.475,-20.886],[11.118,20.886],[8.474,20.886]],"v":[[-11.118,-20.886],[-8.475,-20.886],[11.118,20.886],[8.474,20.886]],"c":true},"ix":2},"nm":"Path 1","mn":"ADBE Vector Shape - Group","hd":false,"_render":true},{"ty":"fl","c":{"a":0,"k":[0.9661,0.9677,0.9739,1],"ix":4},"o":{"a":0,"k":100,"ix":5},"r":1,"bm":0,"nm":"Fill 1","mn":"ADBE Vector Graphic - Fill","hd":false,"_render":true},{"ty":"tr","p":{"a":0,"k":[92.196,31.484],"ix":2},"a":{"a":0,"k":[0,0],"ix":1},"s":{"a":0,"k":[100,100],"ix":3},"r":{"a":0,"k":0,"ix":6},"o":{"a":0,"k":100,"ix":7},"sk":{"a":0,"k":0,"ix":4},"sa":{"a":0,"k":0,"ix":5},"nm":"Transform","_render":true}],"nm":"Group 4","np":4,"cix":2,"bm":0,"ix":4,"mn":"ADBE Vector Group","hd":false,"_render":true},{"ty":"gr","it":[{"ind":0,"ty":"sh","ix":1,"ks":{"a":0,"k":{"i":[[-12.44,-20.886],[-7.152,-20.886],[12.44,20.886],[7.152,20.886]],"o":[[-12.44,-20.886],[-7.152,-20.886],[12.44,20.886],[7.152,20.886]],"v":[[-12.44,-20.886],[-7.152,-20.886],[12.44,20.886],[7.152,20.886]],"c":true},"ix":2},"nm":"Path 1","mn":"ADBE Vector Shape - Group","hd":false,"_render":true},{"ty":"fl","c":{"a":0,"k":[0.9661,0.9677,0.9739,1],"ix":4},"o":{"a":0,"k":100,"ix":5},"r":1,"bm":0,"nm":"Fill 1","mn":"ADBE Vector Graphic - Fill","hd":false,"_render":true},{"ty":"tr","p":{"a":0,"k":[99.737,31.484],"ix":2},"a":{"a":0,"k":[0,0],"ix":1},"s":{"a":0,"k":[100,100],"ix":3},"r":{"a":0,"k":0,"ix":6},"o":{"a":0,"k":100,"ix":7},"sk":{"a":0,"k":0,"ix":4},"sa":{"a":0,"k":0,"ix":5},"nm":"Transform","_render":true}],"nm":"Group 5","np":4,"cix":2,"bm":0,"ix":5,"mn":"ADBE Vector Group","hd":false,"_render":true},{"ty":"gr","it":[{"ind":0,"ty":"sh","ix":1,"ks":{"a":0,"k":{"i":[[11.118,20.886],[8.474,20.886],[-11.118,-20.886],[-8.475,-20.886]],"o":[[11.118,20.886],[8.474,20.886],[-11.118,-20.886],[-8.475,-20.886]],"v":[[11.118,20.886],[8.474,20.886],[-11.118,-20.886],[-8.475,-20.886]],"c":true},"ix":2},"nm":"Path 1","mn":"ADBE Vector Shape - Group","hd":false,"_render":true},{"ty":"fl","c":{"a":0,"k":[0.9679,0.9687,0.9721,1],"ix":4},"o":{"a":0,"k":100,"ix":5},"r":1,"bm":0,"nm":"Fill 1","mn":"ADBE Vector Graphic - Fill","hd":false,"_render":true},{"ty":"tr","p":{"a":0,"k":[111.437,31.484],"ix":2},"a":{"a":0,"k":[0,0],"ix":1},"s":{"a":0,"k":[100,100],"ix":3},"r":{"a":0,"k":0,"ix":6},"o":{"a":0,"k":100,"ix":7},"sk":{"a":0,"k":0,"ix":4},"sa":{"a":0,"k":0,"ix":5},"nm":"Transform","_render":true}],"nm":"Group 6","np":4,"cix":2,"bm":0,"ix":6,"mn":"ADBE Vector Group","hd":false,"_render":true},{"ty":"gr","it":[{"ind":0,"ty":"sh","ix":1,"ks":{"a":0,"k":{"i":[[-11.118,-20.886],[-8.475,-20.886],[11.118,20.886],[8.474,20.886]],"o":[[-11.118,-20.886],[-8.475,-20.886],[11.118,20.886],[8.474,20.886]],"v":[[-11.118,-20.886],[-8.475,-20.886],[11.118,20.886],[8.474,20.886]],"c":true},"ix":2},"nm":"Path 1","mn":"ADBE Vector Shape - Group","hd":false,"_render":true},{"ty":"fl","c":{"a":0,"k":[0.9661,0.9677,0.9739,1],"ix":4},"o":{"a":0,"k":100,"ix":5},"r":1,"bm":0,"nm":"Fill 1","mn":"ADBE Vector Graphic - Fill","hd":false,"_render":true},{"ty":"tr","p":{"a":0,"k":[152.717,31.484],"ix":2},"a":{"a":0,"k":[0,0],"ix":1},"s":{"a":0,"k":[100,100],"ix":3},"r":{"a":0,"k":0,"ix":6},"o":{"a":0,"k":100,"ix":7},"sk":{"a":0,"k":0,"ix":4},"sa":{"a":0,"k":0,"ix":5},"nm":"Transform","_render":true}],"nm":"Group 7","np":4,"cix":2,"bm":0,"ix":7,"mn":"ADBE Vector Group","hd":false,"_render":true},{"ty":"gr","it":[{"ind":0,"ty":"sh","ix":1,"ks":{"a":0,"k":{"i":[[-12.44,-20.886],[-7.152,-20.886],[12.44,20.886],[7.152,20.886]],"o":[[-12.44,-20.886],[-7.152,-20.886],[12.44,20.886],[7.152,20.886]],"v":[[-12.44,-20.886],[-7.152,-20.886],[12.44,20.886],[7.152,20.886]],"c":true},"ix":2},"nm":"Path 1","mn":"ADBE Vector Shape - Group","hd":false,"_render":true},{"ty":"fl","c":{"a":0,"k":[0.9661,0.9677,0.9739,1],"ix":4},"o":{"a":0,"k":100,"ix":5},"r":1,"bm":0,"nm":"Fill 1","mn":"ADBE Vector Graphic - Fill","hd":false,"_render":true},{"ty":"tr","p":{"a":0,"k":[160.258,31.484],"ix":2},"a":{"a":0,"k":[0,0],"ix":1},"s":{"a":0,"k":[100,100],"ix":3},"r":{"a":0,"k":0,"ix":6},"o":{"a":0,"k":100,"ix":7},"sk":{"a":0,"k":0,"ix":4},"sa":{"a":0,"k":0,"ix":5},"nm":"Transform","_render":true}],"nm":"Group 8","np":4,"cix":2,"bm":0,"ix":8,"mn":"ADBE Vector Group","hd":false,"_render":true},{"ty":"gr","it":[{"ind":0,"ty":"sh","ix":1,"ks":{"a":0,"k":{"i":[[11.118,20.886],[8.474,20.886],[-11.118,-20.886],[-8.475,-20.886]],"o":[[11.118,20.886],[8.474,20.886],[-11.118,-20.886],[-8.475,-20.886]],"v":[[11.118,20.886],[8.474,20.886],[-11.118,-20.886],[-8.475,-20.886]],"c":true},"ix":2},"nm":"Path 1","mn":"ADBE Vector Shape - Group","hd":false,"_render":true},{"ty":"fl","c":{"a":0,"k":[0.9661,0.9677,0.9739,1],"ix":4},"o":{"a":0,"k":100,"ix":5},"r":1,"bm":0,"nm":"Fill 1","mn":"ADBE Vector Graphic - Fill","hd":false,"_render":true},{"ty":"tr","p":{"a":0,"k":[171.959,31.484],"ix":2},"a":{"a":0,"k":[0,0],"ix":1},"s":{"a":0,"k":[100,100],"ix":3},"r":{"a":0,"k":0,"ix":6},"o":{"a":0,"k":100,"ix":7},"sk":{"a":0,"k":0,"ix":4},"sa":{"a":0,"k":0,"ix":5},"nm":"Transform","_render":true}],"nm":"Group 9","np":4,"cix":2,"bm":0,"ix":9,"mn":"ADBE Vector Group","hd":false,"_render":true},{"ty":"gr","it":[{"ind":0,"ty":"sh","ix":1,"ks":{"a":0,"k":{"i":[[-11.118,-20.886],[-8.475,-20.886],[11.118,20.886],[8.474,20.886]],"o":[[-11.118,-20.886],[-8.475,-20.886],[11.118,20.886],[8.474,20.886]],"v":[[-11.118,-20.886],[-8.475,-20.886],[11.118,20.886],[8.474,20.886]],"c":true},"ix":2},"nm":"Path 1","mn":"ADBE Vector Shape - Group","hd":false,"_render":true},{"ty":"fl","c":{"a":0,"k":[0.9661,0.9677,0.9739,1],"ix":4},"o":{"a":0,"k":100,"ix":5},"r":1,"bm":0,"nm":"Fill 1","mn":"ADBE Vector Graphic - Fill","hd":false,"_render":true},{"ty":"tr","p":{"a":0,"k":[215.606,31.484],"ix":2},"a":{"a":0,"k":[0,0],"ix":1},"s":{"a":0,"k":[100,100],"ix":3},"r":{"a":0,"k":0,"ix":6},"o":{"a":0,"k":100,"ix":7},"sk":{"a":0,"k":0,"ix":4},"sa":{"a":0,"k":0,"ix":5},"nm":"Transform","_render":true}],"nm":"Group 10","np":4,"cix":2,"bm":0,"ix":10,"mn":"ADBE Vector Group","hd":false,"_render":true},{"ty":"gr","it":[{"ind":0,"ty":"sh","ix":1,"ks":{"a":0,"k":{"i":[[-12.44,-20.886],[-7.152,-20.886],[12.44,20.886],[7.152,20.886]],"o":[[-12.44,-20.886],[-7.152,-20.886],[12.44,20.886],[7.152,20.886]],"v":[[-12.44,-20.886],[-7.152,-20.886],[12.44,20.886],[7.152,20.886]],"c":true},"ix":2},"nm":"Path 1","mn":"ADBE Vector Shape - Group","hd":false,"_render":true},{"ty":"fl","c":{"a":0,"k":[0.9661,0.9677,0.9739,1],"ix":4},"o":{"a":0,"k":100,"ix":5},"r":1,"bm":0,"nm":"Fill 1","mn":"ADBE Vector Graphic - Fill","hd":false,"_render":true},{"ty":"tr","p":{"a":0,"k":[223.147,31.484],"ix":2},"a":{"a":0,"k":[0,0],"ix":1},"s":{"a":0,"k":[100,100],"ix":3},"r":{"a":0,"k":0,"ix":6},"o":{"a":0,"k":100,"ix":7},"sk":{"a":0,"k":0,"ix":4},"sa":{"a":0,"k":0,"ix":5},"nm":"Transform","_render":true}],"nm":"Group 11","np":4,"cix":2,"bm":0,"ix":11,"mn":"ADBE Vector Group","hd":false,"_render":true},{"ty":"gr","it":[{"ind":0,"ty":"sh","ix":1,"ks":{"a":0,"k":{"i":[[11.119,20.886],[8.474,20.886],[-11.119,-20.886],[-8.474,-20.886]],"o":[[11.119,20.886],[8.474,20.886],[-11.119,-20.886],[-8.474,-20.886]],"v":[[11.119,20.886],[8.474,20.886],[-11.119,-20.886],[-8.474,-20.886]],"c":true},"ix":2},"nm":"Path 1","mn":"ADBE Vector Shape - Group","hd":false,"_render":true},{"ty":"fl","c":{"a":0,"k":[0.9661,0.9677,0.9739,1],"ix":4},"o":{"a":0,"k":100,"ix":5},"r":1,"bm":0,"nm":"Fill 1","mn":"ADBE Vector Graphic - Fill","hd":false,"_render":true},{"ty":"tr","p":{"a":0,"k":[234.847,31.484],"ix":2},"a":{"a":0,"k":[0,0],"ix":1},"s":{"a":0,"k":[100,100],"ix":3},"r":{"a":0,"k":0,"ix":6},"o":{"a":0,"k":100,"ix":7},"sk":{"a":0,"k":0,"ix":4},"sa":{"a":0,"k":0,"ix":5},"nm":"Transform","_render":true}],"nm":"Group 12","np":4,"cix":2,"bm":0,"ix":12,"mn":"ADBE Vector Group","hd":false,"_render":true},{"ty":"gr","it":[{"ind":0,"ty":"sh","ix":1,"ks":{"a":0,"k":{"i":[[-11.118,-20.886],[-8.475,-20.886],[11.118,20.886],[8.475,20.886]],"o":[[-11.118,-20.886],[-8.475,-20.886],[11.118,20.886],[8.475,20.886]],"v":[[-11.118,-20.886],[-8.475,-20.886],[11.118,20.886],[8.475,20.886]],"c":true},"ix":2},"nm":"Path 1","mn":"ADBE Vector Shape - Group","hd":false,"_render":true},{"ty":"fl","c":{"a":0,"k":[0.9661,0.9677,0.9739,1],"ix":4},"o":{"a":0,"k":100,"ix":5},"r":1,"bm":0,"nm":"Fill 1","mn":"ADBE Vector Graphic - Fill","hd":false,"_render":true},{"ty":"tr","p":{"a":0,"k":[287.822,31.484],"ix":2},"a":{"a":0,"k":[0,0],"ix":1},"s":{"a":0,"k":[100,100],"ix":3},"r":{"a":0,"k":0,"ix":6},"o":{"a":0,"k":100,"ix":7},"sk":{"a":0,"k":0,"ix":4},"sa":{"a":0,"k":0,"ix":5},"nm":"Transform","_render":true}],"nm":"Group 13","np":4,"cix":2,"bm":0,"ix":13,"mn":"ADBE Vector Group","hd":false,"_render":true},{"ty":"gr","it":[{"ind":0,"ty":"sh","ix":1,"ks":{"a":0,"k":{"i":[[-13.763,-20.886],[-5.83,-20.886],[13.763,20.886],[5.83,20.886]],"o":[[-13.763,-20.886],[-5.83,-20.886],[13.763,20.886],[5.83,20.886]],"v":[[-13.763,-20.886],[-5.83,-20.886],[13.763,20.886],[5.83,20.886]],"c":true},"ix":2},"nm":"Path 1","mn":"ADBE Vector Shape - Group","hd":false,"_render":true},{"ty":"fl","c":{"a":0,"k":[0.9679,0.9687,0.9721,1],"ix":4},"o":{"a":0,"k":100,"ix":5},"r":1,"bm":0,"nm":"Fill 1","mn":"ADBE Vector Graphic - Fill","hd":false,"_render":true},{"ty":"tr","p":{"a":0,"k":[279.696,31.484],"ix":2},"a":{"a":0,"k":[0,0],"ix":1},"s":{"a":0,"k":[100,100],"ix":3},"r":{"a":0,"k":0,"ix":6},"o":{"a":0,"k":100,"ix":7},"sk":{"a":0,"k":0,"ix":4},"sa":{"a":0,"k":0,"ix":5},"nm":"Transform","_render":true}],"nm":"Group 14","np":4,"cix":2,"bm":0,"ix":14,"mn":"ADBE Vector Group","hd":false,"_render":true},{"ty":"gr","it":[{"ind":0,"ty":"sh","ix":1,"ks":{"a":0,"k":{"i":[[-12.44,-20.886],[-7.151,-20.886],[12.44,20.886],[7.153,20.886]],"o":[[-12.44,-20.886],[-7.151,-20.886],[12.44,20.886],[7.153,20.886]],"v":[[-12.44,-20.886],[-7.151,-20.886],[12.44,20.886],[7.153,20.886]],"c":true},"ix":2},"nm":"Path 1","mn":"ADBE Vector Shape - Group","hd":false,"_render":true},{"ty":"fl","c":{"a":0,"k":[0.9679,0.9687,0.9721,1],"ix":4},"o":{"a":0,"k":100,"ix":5},"r":1,"bm":0,"nm":"Fill 1","mn":"ADBE Vector Graphic - Fill","hd":false,"_render":true},{"ty":"tr","p":{"a":0,"k":[295.363,31.484],"ix":2},"a":{"a":0,"k":[0,0],"ix":1},"s":{"a":0,"k":[100,100],"ix":3},"r":{"a":0,"k":0,"ix":6},"o":{"a":0,"k":100,"ix":7},"sk":{"a":0,"k":0,"ix":4},"sa":{"a":0,"k":0,"ix":5},"nm":"Transform","_render":true}],"nm":"Group 15","np":4,"cix":2,"bm":0,"ix":15,"mn":"ADBE Vector Group","hd":false,"_render":true},{"ty":"gr","it":[{"ind":0,"ty":"sh","ix":1,"ks":{"a":0,"k":{"i":[[11.118,20.886],[8.474,20.886],[-11.118,-20.886],[-8.475,-20.886]],"o":[[11.118,20.886],[8.474,20.886],[-11.118,-20.886],[-8.475,-20.886]],"v":[[11.118,20.886],[8.474,20.886],[-11.118,-20.886],[-8.475,-20.886]],"c":true},"ix":2},"nm":"Path 1","mn":"ADBE Vector Shape - Group","hd":false,"_render":true},{"ty":"fl","c":{"a":0,"k":[0.9679,0.9687,0.9721,1],"ix":4},"o":{"a":0,"k":100,"ix":5},"r":1,"bm":0,"nm":"Fill 1","mn":"ADBE Vector Graphic - Fill","hd":false,"_render":true},{"ty":"tr","p":{"a":0,"k":[307.063,31.484],"ix":2},"a":{"a":0,"k":[0,0],"ix":1},"s":{"a":0,"k":[100,100],"ix":3},"r":{"a":0,"k":0,"ix":6},"o":{"a":0,"k":100,"ix":7},"sk":{"a":0,"k":0,"ix":4},"sa":{"a":0,"k":0,"ix":5},"nm":"Transform","_render":true}],"nm":"Group 16","np":4,"cix":2,"bm":0,"ix":16,"mn":"ADBE Vector Group","hd":false,"_render":true},{"ty":"gr","it":[{"ind":0,"ty":"sh","ix":1,"ks":{"a":0,"k":{"i":[[148.203,-32.166],[-161.657,-32.166],[-165.933,-30.233],[-165.933,32.166],[165.933,32.166],[162.104,-6.089]],"o":[[133.336,-32.166],[-164.002,-32.166],[-165.933,-27.888],[-165.933,32.166],[165.933,32.166],[160.655,-20.887]],"v":[[133.336,-32.166],[-161.657,-32.166],[-165.933,-27.888],[-165.933,32.166],[165.933,32.166],[162.104,-6.089]],"c":true},"ix":2},"nm":"Path 1","mn":"ADBE Vector Shape - Group","hd":false,"_render":true},{"ind":1,"ty":"sh","ix":2,"ks":{"a":0,"k":{"i":[[-104.016,-21.818],[-104.016,19.955],[-154.894,19.955],[-154.894,-15.539],[-152.067,-21.818]],"o":[[-104.016,-21.818],[-104.016,19.955],[-154.894,19.955],[-154.894,-18.988],[-148.618,-21.818]],"v":[[-104.016,-21.818],[-104.016,19.955],[-154.894,19.955],[-154.894,-15.539],[-148.618,-21.818]],"c":true},"ix":2},"nm":"Path 2","mn":"ADBE Vector Shape - Group","hd":false,"_render":true},{"ind":2,"ty":"sh","ix":3,"ks":{"a":0,"k":{"i":[[-41.204,19.955],[-92.083,19.955],[-92.083,-21.818],[-41.204,-21.818]],"o":[[-41.204,19.955],[-92.083,19.955],[-92.083,-21.818],[-41.204,-21.818]],"v":[[-41.204,19.955],[-92.083,19.955],[-92.083,-21.818],[-41.204,-21.818]],"c":true},"ix":2},"nm":"Path 3","mn":"ADBE Vector Shape - Group","hd":false,"_render":true},{"ind":3,"ty":"sh","ix":4,"ks":{"a":0,"k":{"i":[[-41.204,-21.818]],"o":[[-41.204,-21.818]],"v":[[-41.204,-21.818]],"c":false},"ix":2},"nm":"Path 4","mn":"ADBE Vector Shape - Group","hd":false,"_render":true},{"ind":4,"ty":"sh","ix":5,"ks":{"a":0,"k":{"i":[[21.575,19.955],[-29.269,19.955],[-29.269,-21.818],[21.575,-21.818]],"o":[[21.575,19.955],[-29.269,19.955],[-29.269,-21.818],[21.575,-21.818]],"v":[[21.575,19.955],[-29.269,19.955],[-29.269,-21.818],[21.575,-21.818]],"c":true},"ix":2},"nm":"Path 5","mn":"ADBE Vector Shape - Group","hd":false,"_render":true},{"ind":5,"ty":"sh","ix":6,"ks":{"a":0,"k":{"i":[[21.575,-21.818]],"o":[[21.575,-21.818]],"v":[[21.575,-21.818]],"c":false},"ix":2},"nm":"Path 6","mn":"ADBE Vector Shape - Group","hd":false,"_render":true},{"ind":6,"ty":"sh","ix":7,"ks":{"a":0,"k":{"i":[[84.389,19.955],[33.544,19.955],[33.544,-21.818],[84.389,-21.818]],"o":[[84.389,19.955],[33.544,19.955],[33.544,-21.818],[84.389,-21.818]],"v":[[84.389,19.955],[33.544,19.955],[33.544,-21.818],[84.389,-21.818]],"c":true},"ix":2},"nm":"Path 7","mn":"ADBE Vector Shape - Group","hd":false,"_render":true},{"ind":7,"ty":"sh","ix":8,"ks":{"a":0,"k":{"i":[[84.389,-21.818]],"o":[[84.389,-21.818]],"v":[[84.389,-21.818]],"c":false},"ix":2},"nm":"Path 8","mn":"ADBE Vector Shape - Group","hd":false,"_render":true},{"ind":8,"ty":"sh","ix":9,"ks":{"a":0,"k":{"i":[[96.358,-21.818],[133.336,-21.818],[150.85999999999999,-14.609],[154.308,19.955],[96.358,19.955]],"o":[[96.358,-21.818],[142.925,-21.818],[151.826,-5.054],[154.308,19.955],[96.358,19.955]],"v":[[96.358,-21.818],[133.336,-21.818],[151.826,-5.054],[154.308,19.955],[96.358,19.955]],"c":true},"ix":2},"nm":"Path 9","mn":"ADBE Vector Shape - Group","hd":false,"_render":true},{"ty":"mm","mm":1,"nm":"Merge Paths 1","mn":"ADBE Vector Filter - Merge","hd":false,"_render":true},{"ty":"fl","c":{"a":0,"k":[0.64,0.712,1,1],"ix":4},"o":{"a":0,"k":100,"ix":5},"r":1,"bm":0,"nm":"Fill 1","mn":"ADBE Vector Graphic - Fill","hd":false,"_render":true},{"ty":"tr","p":{"a":0,"k":[166.184,32.416],"ix":2},"a":{"a":0,"k":[0,0],"ix":1},"s":{"a":0,"k":[100,100],"ix":3},"r":{"a":0,"k":0,"ix":6},"o":{"a":0,"k":100,"ix":7},"sk":{"a":0,"k":0,"ix":4},"sa":{"a":0,"k":0,"ix":5},"nm":"Transform","_render":true}],"nm":"Group 17","np":13,"cix":2,"bm":0,"ix":17,"mn":"ADBE Vector Group","hd":false,"_render":true},{"ty":"gr","it":[{"ind":0,"ty":"sh","ix":1,"ks":{"a":0,"k":{"i":[[-31.807,15.903],[-17.567,-15.905],[31.807,-1.6639999999999997],[31.807,15.905],[-31.807,15.905]],"o":[[-31.807,-1.6639999999999997],[17.567,-15.905],[31.807,15.903],[31.807,15.905],[-31.807,15.905]],"v":[[-31.807,15.903],[0,-15.905],[31.807,15.903],[31.807,15.905],[-31.807,15.905]],"c":true},"ix":2},"nm":"Path 1","mn":"ADBE Vector Shape - Group","hd":false,"_render":true},{"ty":"fl","c":{"a":0,"k":[0.2349,0.3451,0.3451,1],"ix":4},"o":{"a":0,"k":100,"ix":5},"r":1,"bm":0,"nm":"Fill 1","mn":"ADBE Vector Graphic - Fill","hd":false,"_render":true},{"ty":"tr","p":{"a":0,"k":[65.55,112.972],"ix":2},"a":{"a":0,"k":[0,0],"ix":1},"s":{"a":0,"k":[100,100],"ix":3},"r":{"a":0,"k":0,"ix":6},"o":{"a":0,"k":100,"ix":7},"sk":{"a":0,"k":0,"ix":4},"sa":{"a":0,"k":0,"ix":5},"nm":"Transform","_render":true}],"nm":"Group 18","np":4,"cix":2,"bm":0,"ix":18,"mn":"ADBE Vector Group","hd":false,"_render":true},{"ty":"gr","it":[{"ind":0,"ty":"sh","ix":1,"ks":{"a":0,"k":{"i":[[-31.807,15.903],[-17.567,-15.905],[31.807,-1.6639999999999997],[31.807,15.905],[-31.807,15.905]],"o":[[-31.807,-1.6639999999999997],[17.566,-15.905],[31.807,15.903],[31.807,15.905],[-31.807,15.905]],"v":[[-31.807,15.903],[0,-15.905],[31.807,15.903],[31.807,15.905],[-31.807,15.905]],"c":true},"ix":2},"nm":"Path 1","mn":"ADBE Vector Shape - Group","hd":false,"_render":true},{"ty":"fl","c":{"a":0,"k":[0.2349,0.3451,0.3451,1],"ix":4},"o":{"a":0,"k":100,"ix":5},"r":1,"bm":0,"nm":"Fill 1","mn":"ADBE Vector Graphic - Fill","hd":false,"_render":true},{"ty":"tr","p":{"a":0,"k":[267.547,112.972],"ix":2},"a":{"a":0,"k":[0,0],"ix":1},"s":{"a":0,"k":[100,100],"ix":3},"r":{"a":0,"k":0,"ix":6},"o":{"a":0,"k":100,"ix":7},"sk":{"a":0,"k":0,"ix":4},"sa":{"a":0,"k":0,"ix":5},"nm":"Transform","_render":true}],"nm":"Group 19","np":4,"cix":2,"bm":0,"ix":19,"mn":"ADBE Vector Group","hd":false,"_render":true},{"ty":"gr","it":[{"ind":0,"ty":"sh","ix":1,"ks":{"a":0,"k":{"i":[[7.089,11.158],[4.88,-11.158],[-4.364,-11.158],[-7.0889999999999995,-9.779],[-4.744,8.917],[-3.502,11.158],[7.019,11.158]],"o":[[7.089,11.158],[4.88,-11.158],[-5.916,-11.158],[-6.882,-8.262],[-4.571,10.193],[-2.191,11.158],[7.019,11.158]],"v":[[7.089,11.158],[4.88,-11.158],[-4.364,-11.158],[-6.882,-8.262],[-4.744,8.917],[-2.191,11.158],[7.019,11.158]],"c":true},"ix":2},"nm":"Path 1","mn":"ADBE Vector Shape - Group","hd":false,"_render":true},{"ty":"fl","c":{"a":0,"k":[0.64,0.712,1,1],"ix":4},"o":{"a":0,"k":100,"ix":5},"r":1,"bm":0,"nm":"Fill 1","mn":"ADBE Vector Graphic - Fill","hd":false,"_render":true},{"ty":"tr","p":{"a":0,"k":[328.719,90.365],"ix":2},"a":{"a":0,"k":[0,0],"ix":1},"s":{"a":0,"k":[100,100],"ix":3},"r":{"a":0,"k":0,"ix":6},"o":{"a":0,"k":100,"ix":7},"sk":{"a":0,"k":0,"ix":4},"sa":{"a":0,"k":0,"ix":5},"nm":"Transform","_render":true}],"nm":"Group 20","np":4,"cix":2,"bm":0,"ix":20,"mn":"ADBE Vector Group","hd":false,"_render":true},{"ty":"gr","it":[{"ind":0,"ty":"sh","ix":1,"ks":{"a":0,"k":{"i":[[-149.928,24.214],[-168.728,24.214],[-168.728,27.87],[-166.796,32.148],[151.273,32.148],[168.728,23.695999999999998],[166.83,4.794],[166.762,4.794],[157.551,4.794],[155.172,3.8280000000000003],[152.861,-14.625],[153.827,-17.523],[164.622,-17.523],[163.139,-32.148],[-168.728,-32.148],[-168.728,-16.937],[-164.002,-16.937],[-162.001,-16.039],[-162.001,-3.104],[-162.898,-1.07],[-168.728,-1.07],[-168.728,12.383],[-150.756,12.383],[-149.273,13.073],[-149.273,22.732]],"o":[[-150.756,24.214],[-168.728,24.214],[-168.728,30.25],[-164.45,32.148],[161.07,32.148],[167.762,13.935],[166.83,4.794],[166.762,4.794],[156.23999999999998,4.794],[154.999,2.552],[152.654,-16.143],[155.379,-17.523],[164.622,-17.523],[163.139,-32.148],[-168.728,-32.148],[-168.728,-16.937],[-162.898,-16.937],[-162.001,-14.935],[-162.001,-1.9660000000000002],[-164.002,-1.07],[-168.728,-1.07],[-168.728,12.383],[-149.928,12.383],[-149.273,13.901],[-149.273,23.56]],"v":[[-150.756,24.214],[-168.728,24.214],[-168.728,27.87],[-164.45,32.148],[151.273,32.148],[167.762,13.935],[166.83,4.794],[166.762,4.794],[157.551,4.794],[154.999,2.552],[152.861,-14.625],[155.379,-17.523],[164.622,-17.523],[163.139,-32.148],[-168.728,-32.148],[-168.728,-16.937],[-164.002,-16.937],[-162.001,-14.935],[-162.001,-3.104],[-164.002,-1.07],[-168.728,-1.07],[-168.728,12.383],[-150.756,12.383],[-149.273,13.901],[-149.273,22.732]],"c":true},"ix":2},"nm":"Path 1","mn":"ADBE Vector Shape - Group","hd":false,"_render":true},{"ind":1,"ty":"sh","ix":2,"ks":{"a":0,"k":{"i":[[94.73800000000001,-25.596],[105.845,-25.596],[108.466,-24.423000000000002],[107.29299999999999,-20.318],[96.186,-20.318],[93.565,-21.491]],"o":[[96.186,-25.596],[107.29299999999999,-25.596],[108.466,-21.491],[105.845,-20.318],[94.73800000000001,-20.318],[93.565,-24.423000000000002]],"v":[[96.186,-25.596],[105.845,-25.596],[108.466,-22.974],[105.845,-20.318],[96.186,-20.318],[93.565,-22.974]],"c":true},"ix":2},"nm":"Path 2","mn":"ADBE Vector Shape - Group","hd":false,"_render":true},{"ty":"mm","mm":1,"nm":"Merge Paths 1","mn":"ADBE Vector Filter - Merge","hd":false,"_render":true},{"ty":"fl","c":{"a":0,"k":[0.64,0.712,1,1],"ix":4},"o":{"a":0,"k":100,"ix":5},"r":1,"bm":0,"nm":"Fill 1","mn":"ADBE Vector Graphic - Fill","hd":false,"_render":true},{"ty":"tr","p":{"a":0,"k":[168.978,96.73],"ix":2},"a":{"a":0,"k":[0,0],"ix":1},"s":{"a":0,"k":[100,100],"ix":3},"r":{"a":0,"k":0,"ix":6},"o":{"a":0,"k":100,"ix":7},"sk":{"a":0,"k":0,"ix":4},"sa":{"a":0,"k":0,"ix":5},"nm":"Transform","_render":true}],"nm":"Group 21","np":6,"cix":2,"bm":0,"ix":21,"mn":"ADBE Vector Group","hd":false,"_render":true}],"ip":0,"op":899.000036617021,"st":0,"bm":0,"completed":true},{"ddd":0,"ind":5,"ty":4,"nm":"Layer 14 Outlines","sr":1,"ks":{"o":{"a":0,"k":100,"ix":11},"r":{"a":0,"k":0,"ix":10},"p":{"a":0,"k":[312.328,332.385,0],"ix":2},"a":{"a":0,"k":[154.852,33.157,0],"ix":1},"s":{"a":0,"k":[100,100,100],"ix":6}},"ao":0,"shapes":[{"ty":"gr","it":[{"ind":0,"ty":"sh","ix":1,"ks":{"a":0,"k":{"i":[[-4.829,-2.639],[-7.451,-1.466],[-6.278,2.639],[4.829,2.639],[7.451,1.4660000000000002],[6.278,-2.639]],"o":[[-6.278,-2.639],[-7.451,1.4660000000000002],[-4.829,2.639],[6.278,2.639],[7.451,-1.466],[4.829,-2.639]],"v":[[-4.829,-2.639],[-7.451,-0.017],[-4.829,2.639],[4.829,2.639],[7.451,-0.017],[4.829,-2.639]],"c":true},"ix":2},"nm":"Path 1","mn":"ADBE Vector Shape - Group","hd":false,"_render":true},{"ty":"fl","c":{"a":0,"k":[0.8779,0.8827,0.9021,1],"ix":4},"o":{"a":0,"k":100,"ix":5},"r":1,"bm":0,"nm":"Fill 1","mn":"ADBE Vector Graphic - Fill","hd":false,"_render":true},{"ty":"tr","p":{"a":0,"k":[258.954,63.426],"ix":2},"a":{"a":0,"k":[0,0],"ix":1},"s":{"a":0,"k":[100,100],"ix":3},"r":{"a":0,"k":0,"ix":6},"o":{"a":0,"k":100,"ix":7},"sk":{"a":0,"k":0,"ix":4},"sa":{"a":0,"k":0,"ix":5},"nm":"Transform","_render":true}],"nm":"Group 1","np":4,"cix":2,"bm":0,"ix":1,"mn":"ADBE Vector Group","hd":false,"_render":true},{"ty":"gr","it":[{"ind":0,"ty":"sh","ix":1,"ks":{"a":0,"k":{"i":[[-28.975,-20.886],[-28.975,20.886],[28.975,20.886],[26.491,-4.122],[17.591,-20.886]],"o":[[-28.975,-20.886],[-28.975,20.886],[28.975,20.886],[25.525,-13.677],[8.003,-20.886]],"v":[[-28.975,-20.886],[-28.975,20.886],[28.975,20.886],[26.491,-4.122],[8.003,-20.886]],"c":true},"ix":2},"nm":"Path 1","mn":"ADBE Vector Shape - Group","hd":false,"_render":true},{"ty":"fl","c":{"a":0,"k":[0.8476,0.8606,0.9124,1],"ix":4},"o":{"a":0,"k":100,"ix":5},"r":1,"bm":0,"nm":"Fill 1","mn":"ADBE Vector Graphic - Fill","hd":false,"_render":true},{"ty":"tr","p":{"a":0,"k":[280.479,21.136],"ix":2},"a":{"a":0,"k":[0,0],"ix":1},"s":{"a":0,"k":[100,100],"ix":3},"r":{"a":0,"k":0,"ix":6},"o":{"a":0,"k":100,"ix":7},"sk":{"a":0,"k":0,"ix":4},"sa":{"a":0,"k":0,"ix":5},"nm":"Transform","_render":true}],"nm":"Group 2","np":4,"cix":2,"bm":0,"ix":2,"mn":"ADBE Vector Group","hd":false,"_render":true},{"ty":"gr","it":[{"ind":0,"ty":"sh","ix":1,"ks":{"a":0,"k":{"i":[[-25.423,20.886],[25.423,20.886],[25.423,-20.886],[-25.423,-20.886]],"o":[[-25.423,20.886],[25.423,20.886],[25.423,-20.886],[-25.423,-20.886]],"v":[[-25.423,20.886],[25.423,20.886],[25.423,-20.886],[-25.423,-20.886]],"c":true},"ix":2},"nm":"Path 1","mn":"ADBE Vector Shape - Group","hd":false,"_render":true},{"ty":"fl","c":{"a":0,"k":[0.8476,0.8606,0.9124,1],"ix":4},"o":{"a":0,"k":100,"ix":5},"r":1,"bm":0,"nm":"Fill 1","mn":"ADBE Vector Graphic - Fill","hd":false,"_render":true},{"ty":"tr","p":{"a":0,"k":[214.112,21.136],"ix":2},"a":{"a":0,"k":[0,0],"ix":1},"s":{"a":0,"k":[100,100],"ix":3},"r":{"a":0,"k":0,"ix":6},"o":{"a":0,"k":100,"ix":7},"sk":{"a":0,"k":0,"ix":4},"sa":{"a":0,"k":0,"ix":5},"nm":"Transform","_render":true}],"nm":"Group 3","np":4,"cix":2,"bm":0,"ix":3,"mn":"ADBE Vector Group","hd":false,"_render":true},{"ty":"gr","it":[{"ind":0,"ty":"sh","ix":1,"ks":{"a":0,"k":{"i":[[-25.422,20.886],[25.422,20.886],[25.422,-20.886],[-25.422,-20.886]],"o":[[-25.422,20.886],[25.422,20.886],[25.422,-20.886],[-25.422,-20.886]],"v":[[-25.422,20.886],[25.422,20.886],[25.422,-20.886],[-25.422,-20.886]],"c":true},"ix":2},"nm":"Path 1","mn":"ADBE Vector Shape - Group","hd":false,"_render":true},{"ty":"fl","c":{"a":0,"k":[0.8476,0.8606,0.9124,1],"ix":4},"o":{"a":0,"k":100,"ix":5},"r":1,"bm":0,"nm":"Fill 1","mn":"ADBE Vector Graphic - Fill","hd":false,"_render":true},{"ty":"tr","p":{"a":0,"k":[151.299,21.136],"ix":2},"a":{"a":0,"k":[0,0],"ix":1},"s":{"a":0,"k":[100,100],"ix":3},"r":{"a":0,"k":0,"ix":6},"o":{"a":0,"k":100,"ix":7},"sk":{"a":0,"k":0,"ix":4},"sa":{"a":0,"k":0,"ix":5},"nm":"Transform","_render":true}],"nm":"Group 4","np":4,"cix":2,"bm":0,"ix":4,"mn":"ADBE Vector Group","hd":false,"_render":true},{"ty":"gr","it":[{"ind":0,"ty":"sh","ix":1,"ks":{"a":0,"k":{"i":[[-25.439,20.886],[25.439,20.886],[25.439,-20.886],[-25.439,-20.886]],"o":[[-25.439,20.886],[25.439,20.886],[25.439,-20.886],[-25.439,-20.886]],"v":[[-25.439,20.886],[25.439,20.886],[25.439,-20.886],[-25.439,-20.886]],"c":true},"ix":2},"nm":"Path 1","mn":"ADBE Vector Shape - Group","hd":false,"_render":true},{"ty":"fl","c":{"a":0,"k":[0.8476,0.8606,0.9124,1],"ix":4},"o":{"a":0,"k":100,"ix":5},"r":1,"bm":0,"nm":"Fill 1","mn":"ADBE Vector Graphic - Fill","hd":false,"_render":true},{"ty":"tr","p":{"a":0,"k":[88.502,21.136],"ix":2},"a":{"a":0,"k":[0,0],"ix":1},"s":{"a":0,"k":[100,100],"ix":3},"r":{"a":0,"k":0,"ix":6},"o":{"a":0,"k":100,"ix":7},"sk":{"a":0,"k":0,"ix":4},"sa":{"a":0,"k":0,"ix":5},"nm":"Transform","_render":true}],"nm":"Group 5","np":4,"cix":2,"bm":0,"ix":5,"mn":"ADBE Vector Group","hd":false,"_render":true},{"ty":"gr","it":[{"ind":0,"ty":"sh","ix":1,"ks":{"a":0,"k":{"i":[[-25.439,-18.057000000000002],[-25.439,20.886],[25.439,20.886],[25.439,-20.886],[-19.162,-20.886]],"o":[[-25.439,-14.608],[-25.439,20.886],[25.439,20.886],[25.439,-20.886],[-22.610999999999997,-20.886]],"v":[[-25.439,-14.608],[-25.439,20.886],[25.439,20.886],[25.439,-20.886],[-19.162,-20.886]],"c":true},"ix":2},"nm":"Path 1","mn":"ADBE Vector Shape - Group","hd":false,"_render":true},{"ty":"fl","c":{"a":0,"k":[0.8476,0.8606,0.9124,1],"ix":4},"o":{"a":0,"k":100,"ix":5},"r":1,"bm":0,"nm":"Fill 1","mn":"ADBE Vector Graphic - Fill","hd":false,"_render":true},{"ty":"tr","p":{"a":0,"k":[25.689,21.136],"ix":2},"a":{"a":0,"k":[0,0],"ix":1},"s":{"a":0,"k":[100,100],"ix":3},"r":{"a":0,"k":0,"ix":6},"o":{"a":0,"k":100,"ix":7},"sk":{"a":0,"k":0,"ix":4},"sa":{"a":0,"k":0,"ix":5},"nm":"Transform","_render":true}],"nm":"Group 6","np":4,"cix":2,"bm":0,"ix":6,"mn":"ADBE Vector Group","hd":false,"_render":true}],"ip":0,"op":899.000036617021,"st":0,"bm":0,"completed":true},{"ddd":0,"ind":6,"ty":4,"nm":"Layer 9 Outlines","sr":1,"ks":{"o":{"a":0,"k":100,"ix":11},"r":{"a":0,"k":0,"ix":10},"p":{"a":0,"k":[316.728,439.502,0],"ix":2},"a":{"a":0,"k":[166.203,5.805,0],"ix":1},"s":{"a":0,"k":[100,100,100],"ix":6}},"ao":0,"shapes":[{"ty":"gr","it":[{"ind":0,"ty":"sh","ix":1,"ks":{"a":0,"k":{"i":[[-166.203,-3.206],[-91.791,5.805],[166.203,3.206],[91.791,-5.804]],"o":[[-166.203,3.206],[91.791,5.805],[166.203,-3.206],[-91.791,-5.804]],"v":[[-166.203,0],[0,5.805],[166.203,0],[0,-5.804]],"c":true},"ix":2},"nm":"Path 1","mn":"ADBE Vector Shape - Group","hd":false,"_render":true},{"ty":"fl","c":{"a":0,"k":[0.8476,0.8606,0.9124,1],"ix":4},"o":{"a":0,"k":100,"ix":5},"r":1,"bm":0,"nm":"Fill 1","mn":"ADBE Vector Graphic - Fill","hd":false,"_render":true},{"ty":"tr","p":{"a":0,"k":[166.203,5.805],"ix":2},"a":{"a":0,"k":[0,0],"ix":1},"s":{"a":0,"k":[100,100],"ix":3},"r":{"a":0,"k":0,"ix":6},"o":{"a":0,"k":100,"ix":7},"sk":{"a":0,"k":0,"ix":4},"sa":{"a":0,"k":0,"ix":5},"nm":"Transform","_render":true}],"nm":"Group 1","np":4,"cix":2,"bm":0,"ix":1,"mn":"ADBE Vector Group","hd":false,"_render":true}],"ip":0,"op":899.000036617021,"st":0,"bm":0,"completed":true},{"ddd":0,"ind":7,"ty":4,"nm":"Layer 7 Outlines","sr":1,"ks":{"o":{"a":0,"k":100,"ix":11},"r":{"a":0,"k":0,"ix":10},"p":{"a":0,"k":[175.937,172.086,0],"ix":2},"a":{"a":0,"k":[25.834,8.515,0],"ix":1},"s":{"a":0,"k":[100,100,100],"ix":6}},"ao":0,"shapes":[{"ty":"gr","it":[{"ind":0,"ty":"sh","ix":1,"ks":{"a":0,"k":{"i":[[25.585,8.264],[24.095,5.337],[20.272000000000002,0.527],[16.98,0.586],[14.190999999999999,-3.023],[10.783,-2.915],[6.914,-8.264],[-3.006,-5.408],[-3.2030000000000003,-1.818],[-8.017,0.3340000000000001],[-7.934,3.9979999999999998],[-7.938,4.451],[-9.057,4.578],[-11.806999999999999,0.527],[-18.799,2.4019999999999997],[-20.237000000000002,4.451],[-25.127000000000002,6.085999999999999]],"o":[[25.244,6.651],[22.298,2.3770000000000002],[17.388,0.527],[16.095,-1.438],[11.334999999999999,-3.023],[9.677,-5.879],[-0.04599999999999982,-8.264],[-3.1969999999999996,-1.817],[-5.864,-1.818],[-8.017,3.5040000000000004],[-7.862,4.457],[-8.552,4.451],[-9.77,2.397],[-16.761,0.527],[-19.623,4.579],[-23.196,4.451],[-25.585,8.264]],"v":[[25.585,8.264],[22.58,4.764],[17.809,0.527],[16.592,0.688],[11.914,-3.023],[10.27,-2.728],[3.591,-8.264],[-3.191,-1.817],[-3.209,-1.818],[-8.017,2.99],[-7.785,4.462],[-8.017,4.451],[-9.506,4.803],[-14.283,0.527],[-19.061,4.81],[-20.881,4.451],[-25.585,8.264]],"c":true},"ix":2},"nm":"Path 1","mn":"ADBE Vector Shape - Group","hd":false,"_render":true},{"ty":"fl","c":{"a":0,"k":[1,1,1,1],"ix":4},"o":{"a":0,"k":100,"ix":5},"r":1,"bm":0,"nm":"Fill 1","mn":"ADBE Vector Graphic - Fill","hd":false,"_render":true},{"ty":"tr","p":{"a":0,"k":[25.834,8.514],"ix":2},"a":{"a":0,"k":[0,0],"ix":1},"s":{"a":0,"k":[100,100],"ix":3},"r":{"a":0,"k":0,"ix":6},"o":{"a":0,"k":100,"ix":7},"sk":{"a":0,"k":0,"ix":4},"sa":{"a":0,"k":0,"ix":5},"nm":"Transform","_render":true}],"nm":"Group 1","np":4,"cix":2,"bm":0,"ix":1,"mn":"ADBE Vector Group","hd":false,"_render":true}],"ip":0,"op":899.000036617021,"st":0,"bm":0,"completed":true},{"ddd":0,"ind":8,"ty":4,"nm":"Layer 8 Outlines","sr":1,"ks":{"o":{"a":0,"k":100,"ix":11},"r":{"a":0,"k":0,"ix":10},"p":{"a":0,"k":[394.069,145.514,0],"ix":2},"a":{"a":0,"k":[35.315,11.577,0],"ix":1},"s":{"a":0,"k":[100,100,100],"ix":6}},"ao":0,"shapes":[{"ty":"gr","it":[{"ind":0,"ty":"sh","ix":1,"ks":{"a":0,"k":{"i":[[35.066,11.327],[33.025,7.316000000000001],[27.784,0.722],[23.274,0.8029999999999999],[19.450999999999997,-4.143],[14.779,-3.996],[9.478,-11.327],[-4.12,-7.412000000000001],[-4.389,-2.492],[-10.986,0.45799999999999974],[-10.872,5.478999999999999],[-10.878,6.099],[-12.411999999999999,6.2749999999999995],[-16.181,0.722],[-25.765,3.2909999999999995],[-27.733999999999998,6.099],[-34.438,8.341]],"o":[[34.6,9.116],[30.562,3.2600000000000002],[23.832,0.722],[22.059,-1.971],[15.535999999999998,-4.143],[13.262,-8.058],[-0.06099999999999994,-11.327],[-4.381,-2.491],[-8.037,-2.492],[-10.986,4.802],[-10.774,6.108],[-11.72,6.099],[-13.389,3.2849999999999997],[-22.970000000000002,0.722],[-26.894000000000002,6.276],[-31.788999999999998,6.099],[-35.066,11.327]],"v":[[35.066,11.327],[30.949,6.53],[24.41,0.722],[22.741,0.943],[16.33,-4.143],[14.074,-3.739],[4.923,-11.327],[-4.373,-2.491],[-4.397,-2.492],[-10.986,4.098],[-10.668,6.116],[-10.986,6.099],[-13.027,6.582],[-19.574,0.722],[-26.123,6.592],[-28.618,6.099],[-35.066,11.327]],"c":true},"ix":2},"nm":"Path 1","mn":"ADBE Vector Shape - Group","hd":false,"_render":true},{"ty":"fl","c":{"a":0,"k":[0.5725,0.6549,0.9961,1],"ix":4},"o":{"a":0,"k":100,"ix":5},"r":1,"bm":0,"nm":"Fill 1","mn":"ADBE Vector Graphic - Fill","hd":false,"_render":true},{"ty":"tr","p":{"a":0,"k":[35.316,11.578],"ix":2},"a":{"a":0,"k":[0,0],"ix":1},"s":{"a":0,"k":[100,100],"ix":3},"r":{"a":0,"k":0,"ix":6},"o":{"a":0,"k":100,"ix":7},"sk":{"a":0,"k":0,"ix":4},"sa":{"a":0,"k":0,"ix":5},"nm":"Transform","_render":true}],"nm":"Group 1","np":4,"cix":2,"bm":0,"ix":1,"mn":"ADBE Vector Group","hd":false,"_render":true}],"ip":0,"op":899.000036617021,"st":0,"bm":0,"completed":true},{"ddd":0,"ind":9,"ty":4,"nm":"Layer 17 Outlines","sr":1,"ks":{"o":{"a":0,"k":100,"ix":11},"r":{"a":0,"k":0,"ix":10},"p":{"a":1,"k":[{"i":{"x":0.833,"y":0.833},"o":{"x":0.167,"y":0.167},"t":0,"s":[1305,330.636,0],"to":null,"ti":null},{"t":120.0000048877,"s":[567.083,330.636,0]}],"ix":2},"a":{"a":0,"k":[14.176,46.206,0],"ix":1},"s":{"a":0,"k":[100,100,100],"ix":6}},"ao":0,"shapes":[{"ty":"gr","it":[{"ind":0,"ty":"sh","ix":1,"ks":{"a":0,"k":{"i":[[3.013,3.575],[2.4690000000000003,3.5060000000000002],[-3.333,-2.296],[-3.609,-3.0220000000000002],[-2.607,-3.575],[3.333,2.365],[3.609,3.09]],"o":[[2.65,3.575],[2.33,3.367],[-3.609,-2.572],[-3.056,-3.575],[-2.33,-3.298],[3.609,2.641],[3.194,3.5060000000000002]],"v":[[2.832,3.575],[2.33,3.367],[-3.333,-2.296],[-3.333,-3.298],[-2.33,-3.298],[3.333,2.365],[3.333,3.367]],"c":true},"ix":2},"nm":"Path 1","mn":"ADBE Vector Shape - Group","hd":false,"_render":true},{"ty":"fl","c":{"a":0,"k":[0,0.1686,0.1686,1],"ix":4},"o":{"a":0,"k":100,"ix":5},"r":1,"bm":0,"nm":"Fill 1","mn":"ADBE Vector Graphic - Fill","hd":false,"_render":true},{"ty":"tr","p":{"a":0,"k":[11.344,61.654],"ix":2},"a":{"a":0,"k":[0,0],"ix":1},"s":{"a":0,"k":[100,100],"ix":3},"r":{"a":0,"k":0,"ix":6},"o":{"a":0,"k":100,"ix":7},"sk":{"a":0,"k":0,"ix":4},"sa":{"a":0,"k":0,"ix":5},"nm":"Transform","_render":true}],"nm":"Group 1","np":4,"cix":2,"bm":0,"ix":1,"mn":"ADBE Vector Group","hd":false,"_render":true},{"ty":"gr","it":[{"ind":0,"ty":"sh","ix":1,"ks":{"a":0,"k":{"i":[[3.013,3.575],[2.4690000000000003,3.5060000000000002],[-3.333,-2.296],[-3.609,-3.021],[-2.607,-3.575],[3.333,2.365],[3.609,3.091]],"o":[[2.65,3.575],[2.33,3.367],[-3.609,-2.572],[-3.056,-3.575],[-2.33,-3.298],[3.609,2.641],[3.194,3.5060000000000002]],"v":[[2.832,3.575],[2.33,3.367],[-3.333,-2.296],[-3.333,-3.298],[-2.33,-3.298],[3.333,2.365],[3.333,3.367]],"c":true},"ix":2},"nm":"Path 1","mn":"ADBE Vector Shape - Group","hd":false,"_render":true},{"ty":"fl","c":{"a":0,"k":[0,0.1686,0.1686,1],"ix":4},"o":{"a":0,"k":100,"ix":5},"r":1,"bm":0,"nm":"Fill 1","mn":"ADBE Vector Graphic - Fill","hd":false,"_render":true},{"ty":"tr","p":{"a":0,"k":[11.344,25.936],"ix":2},"a":{"a":0,"k":[0,0],"ix":1},"s":{"a":0,"k":[100,100],"ix":3},"r":{"a":0,"k":0,"ix":6},"o":{"a":0,"k":100,"ix":7},"sk":{"a":0,"k":0,"ix":4},"sa":{"a":0,"k":0,"ix":5},"nm":"Transform","_render":true}],"nm":"Group 2","np":4,"cix":2,"bm":0,"ix":2,"mn":"ADBE Vector Group","hd":false,"_render":true},{"ty":"gr","it":[{"ind":0,"ty":"sh","ix":1,"ks":{"a":0,"k":{"i":[[3.013,3.575],[2.4690000000000003,3.5060000000000002],[-3.333,-2.296],[-3.609,-3.0220000000000002],[-2.607,-3.575],[3.333,2.365],[3.609,3.091]],"o":[[2.65,3.575],[2.33,3.367],[-3.609,-2.572],[-3.056,-3.575],[-2.33,-3.298],[3.609,2.641],[3.194,3.5060000000000002]],"v":[[2.832,3.575],[2.33,3.367],[-3.333,-2.296],[-3.333,-3.298],[-2.33,-3.298],[3.333,2.365],[3.333,3.367]],"c":true},"ix":2},"nm":"Path 1","mn":"ADBE Vector Shape - Group","hd":false,"_render":true},{"ty":"fl","c":{"a":0,"k":[0,0.1686,0.1686,1],"ix":4},"o":{"a":0,"k":100,"ix":5},"r":1,"bm":0,"nm":"Fill 1","mn":"ADBE Vector Graphic - Fill","hd":false,"_render":true},{"ty":"tr","p":{"a":0,"k":[11.344,39.588],"ix":2},"a":{"a":0,"k":[0,0],"ix":1},"s":{"a":0,"k":[100,100],"ix":3},"r":{"a":0,"k":0,"ix":6},"o":{"a":0,"k":100,"ix":7},"sk":{"a":0,"k":0,"ix":4},"sa":{"a":0,"k":0,"ix":5},"nm":"Transform","_render":true}],"nm":"Group 3","np":4,"cix":2,"bm":0,"ix":3,"mn":"ADBE Vector Group","hd":false,"_render":true},{"ty":"gr","it":[{"ind":0,"ty":"sh","ix":1,"ks":{"a":0,"k":{"i":[[-2.65,3.574],[-3.194,3.506],[-3.609,2.6420000000000003],[2.33,-3.298],[3.056,-3.574],[3.609,-2.573],[-2.33,3.368]],"o":[[-3.013,3.574],[-3.609,3.0909999999999997],[-3.333,2.365],[2.607,-3.574],[3.609,-3.0220000000000002],[3.333,-2.296],[-2.4690000000000003,3.506]],"v":[[-2.831,3.574],[-3.333,3.368],[-3.333,2.365],[2.33,-3.298],[3.333,-3.298],[3.333,-2.296],[-2.33,3.368]],"c":true},"ix":2},"nm":"Path 1","mn":"ADBE Vector Shape - Group","hd":false,"_render":true},{"ty":"fl","c":{"a":0,"k":[0,0.1686,0.1686,1],"ix":4},"o":{"a":0,"k":100,"ix":5},"r":1,"bm":0,"nm":"Fill 1","mn":"ADBE Vector Graphic - Fill","hd":false,"_render":true},{"ty":"tr","p":{"a":0,"k":[17.007,69.78],"ix":2},"a":{"a":0,"k":[0,0],"ix":1},"s":{"a":0,"k":[100,100],"ix":3},"r":{"a":0,"k":0,"ix":6},"o":{"a":0,"k":100,"ix":7},"sk":{"a":0,"k":0,"ix":4},"sa":{"a":0,"k":0,"ix":5},"nm":"Transform","_render":true}],"nm":"Group 4","np":4,"cix":2,"bm":0,"ix":4,"mn":"ADBE Vector Group","hd":false,"_render":true},{"ty":"gr","it":[{"ind":0,"ty":"sh","ix":1,"ks":{"a":0,"k":{"i":[[-2.65,3.575],[-3.194,3.5060000000000002],[-3.609,2.641],[2.33,-3.298],[3.056,-3.575],[3.609,-2.572],[-2.33,3.367]],"o":[[-3.013,3.575],[-3.609,3.091],[-3.333,2.365],[2.607,-3.575],[3.609,-3.0220000000000002],[3.333,-2.296],[-2.4690000000000003,3.5060000000000002]],"v":[[-2.831,3.575],[-3.333,3.367],[-3.333,2.365],[2.33,-3.298],[3.333,-3.298],[3.333,-2.296],[-2.33,3.367]],"c":true},"ix":2},"nm":"Path 1","mn":"ADBE Vector Shape - Group","hd":false,"_render":true},{"ty":"fl","c":{"a":0,"k":[0,0.1686,0.1686,1],"ix":4},"o":{"a":0,"k":100,"ix":5},"r":1,"bm":0,"nm":"Fill 1","mn":"ADBE Vector Graphic - Fill","hd":false,"_render":true},{"ty":"tr","p":{"a":0,"k":[17.007,52.76],"ix":2},"a":{"a":0,"k":[0,0],"ix":1},"s":{"a":0,"k":[100,100],"ix":3},"r":{"a":0,"k":0,"ix":6},"o":{"a":0,"k":100,"ix":7},"sk":{"a":0,"k":0,"ix":4},"sa":{"a":0,"k":0,"ix":5},"nm":"Transform","_render":true}],"nm":"Group 5","np":4,"cix":2,"bm":0,"ix":5,"mn":"ADBE Vector Group","hd":false,"_render":true},{"ty":"gr","it":[{"ind":0,"ty":"sh","ix":1,"ks":{"a":0,"k":{"i":[[-2.65,3.574],[-3.194,3.5060000000000002],[-3.609,2.641],[2.33,-3.298],[3.056,-3.574],[3.609,-2.573],[-2.33,3.367]],"o":[[-3.013,3.574],[-3.609,3.091],[-3.333,2.365],[2.607,-3.574],[3.609,-3.0220000000000002],[3.333,-2.296],[-2.4690000000000003,3.5060000000000002]],"v":[[-2.831,3.574],[-3.333,3.367],[-3.333,2.365],[2.33,-3.298],[3.333,-3.298],[3.333,-2.296],[-2.33,3.367]],"c":true},"ix":2},"nm":"Path 1","mn":"ADBE Vector Shape - Group","hd":false,"_render":true},{"ty":"fl","c":{"a":0,"k":[0,0.1686,0.1686,1],"ix":4},"o":{"a":0,"k":100,"ix":5},"r":1,"bm":0,"nm":"Fill 1","mn":"ADBE Vector Graphic - Fill","hd":false,"_render":true},{"ty":"tr","p":{"a":0,"k":[17.007,32.7],"ix":2},"a":{"a":0,"k":[0,0],"ix":1},"s":{"a":0,"k":[100,100],"ix":3},"r":{"a":0,"k":0,"ix":6},"o":{"a":0,"k":100,"ix":7},"sk":{"a":0,"k":0,"ix":4},"sa":{"a":0,"k":0,"ix":5},"nm":"Transform","_render":true}],"nm":"Group 6","np":4,"cix":2,"bm":0,"ix":6,"mn":"ADBE Vector Group","hd":false,"_render":true},{"ty":"gr","it":[{"ind":0,"ty":"sh","ix":1,"ks":{"a":0,"k":{"i":[[0.392,36.538],[-0.708,36.221000000000004],[-0.708,-35.829],[-0.391,-36.538],[0.708,-36.221000000000004],[0.708,35.829]],"o":[[-0.391,36.538],[-0.708,35.829],[-0.708,-36.221000000000004],[0.392,-36.538],[0.708,-35.829],[0.708,36.221000000000004]],"v":[[0.001,36.538],[-0.708,35.829],[-0.708,-35.829],[0.001,-36.538],[0.708,-35.829],[0.708,35.829]],"c":true},"ix":2},"nm":"Path 1","mn":"ADBE Vector Shape - Group","hd":false,"_render":true},{"ty":"fl","c":{"a":0,"k":[0,0.1686,0.1686,1],"ix":4},"o":{"a":0,"k":100,"ix":5},"r":1,"bm":0,"nm":"Fill 1","mn":"ADBE Vector Graphic - Fill","hd":false,"_render":true},{"ty":"tr","p":{"a":0,"k":[14.176,55.625],"ix":2},"a":{"a":0,"k":[0,0],"ix":1},"s":{"a":0,"k":[100,100],"ix":3},"r":{"a":0,"k":0,"ix":6},"o":{"a":0,"k":100,"ix":7},"sk":{"a":0,"k":0,"ix":4},"sa":{"a":0,"k":0,"ix":5},"nm":"Transform","_render":true}],"nm":"Group 7","np":4,"cix":2,"bm":0,"ix":7,"mn":"ADBE Vector Group","hd":false,"_render":true},{"ty":"gr","it":[{"ind":0,"ty":"sh","ix":1,"ks":{"a":0,"k":{"i":[[13.926,-21.87],[7.691,39.598],[-13.926,21.868],[-7.691000000000001,-39.598]],"o":[[13.926,21.868],[-7.691000000000001,39.598],[-13.926,-21.87],[7.691,-39.598]],"v":[[13.926,-0.001],[-0.001,39.598],[-13.926,-0.001],[-0.001,-39.598]],"c":true},"ix":2},"nm":"Path 1","mn":"ADBE Vector Shape - Group","hd":false,"_render":true},{"ty":"fl","c":{"a":0,"k":[0.1271,0.6929,0.6929,1],"ix":4},"o":{"a":0,"k":100,"ix":5},"r":1,"bm":0,"nm":"Fill 1","mn":"ADBE Vector Graphic - Fill","hd":false,"_render":true},{"ty":"tr","p":{"a":0,"k":[14.176,39.848],"ix":2},"a":{"a":0,"k":[0,0],"ix":1},"s":{"a":0,"k":[100,100],"ix":3},"r":{"a":0,"k":0,"ix":6},"o":{"a":0,"k":100,"ix":7},"sk":{"a":0,"k":0,"ix":4},"sa":{"a":0,"k":0,"ix":5},"nm":"Transform","_render":true}],"nm":"Group 8","np":4,"cix":2,"bm":0,"ix":8,"mn":"ADBE Vector Group","hd":false,"_render":true}],"ip":0,"op":899.000036617021,"st":0,"bm":0,"completed":true},{"ddd":0,"ind":10,"ty":4,"nm":"Layer 5 Outlines","sr":1,"ks":{"o":{"a":0,"k":100,"ix":11},"r":{"a":0,"k":0,"ix":10},"p":{"a":1,"k":[{"i":{"x":0.833,"y":0.833},"o":{"x":0.167,"y":0.167},"t":0,"s":[567.083,330.636,0],"to":null,"ti":null},{"t":120.0000048877,"s":[-167,330.636,0]}],"ix":2},"a":{"a":0,"k":[14.176,46.206,0],"ix":1},"s":{"a":0,"k":[100,100,100],"ix":6}},"ao":0,"shapes":[{"ty":"gr","it":[{"ind":0,"ty":"sh","ix":1,"ks":{"a":0,"k":{"i":[[3.013,3.575],[2.4690000000000003,3.5060000000000002],[-3.333,-2.296],[-3.609,-3.0220000000000002],[-2.607,-3.575],[3.333,2.365],[3.609,3.09]],"o":[[2.65,3.575],[2.33,3.367],[-3.609,-2.572],[-3.056,-3.575],[-2.33,-3.298],[3.609,2.641],[3.194,3.5060000000000002]],"v":[[2.832,3.575],[2.33,3.367],[-3.333,-2.296],[-3.333,-3.298],[-2.33,-3.298],[3.333,2.365],[3.333,3.367]],"c":true},"ix":2},"nm":"Path 1","mn":"ADBE Vector Shape - Group","hd":false,"_render":true},{"ty":"fl","c":{"a":0,"k":[0,0.1686,0.1686,1],"ix":4},"o":{"a":0,"k":100,"ix":5},"r":1,"bm":0,"nm":"Fill 1","mn":"ADBE Vector Graphic - Fill","hd":false,"_render":true},{"ty":"tr","p":{"a":0,"k":[11.344,61.654],"ix":2},"a":{"a":0,"k":[0,0],"ix":1},"s":{"a":0,"k":[100,100],"ix":3},"r":{"a":0,"k":0,"ix":6},"o":{"a":0,"k":100,"ix":7},"sk":{"a":0,"k":0,"ix":4},"sa":{"a":0,"k":0,"ix":5},"nm":"Transform","_render":true}],"nm":"Group 1","np":4,"cix":2,"bm":0,"ix":1,"mn":"ADBE Vector Group","hd":false,"_render":true},{"ty":"gr","it":[{"ind":0,"ty":"sh","ix":1,"ks":{"a":0,"k":{"i":[[3.013,3.575],[2.4690000000000003,3.5060000000000002],[-3.333,-2.296],[-3.609,-3.021],[-2.607,-3.575],[3.333,2.365],[3.609,3.091]],"o":[[2.65,3.575],[2.33,3.367],[-3.609,-2.572],[-3.056,-3.575],[-2.33,-3.298],[3.609,2.641],[3.194,3.5060000000000002]],"v":[[2.832,3.575],[2.33,3.367],[-3.333,-2.296],[-3.333,-3.298],[-2.33,-3.298],[3.333,2.365],[3.333,3.367]],"c":true},"ix":2},"nm":"Path 1","mn":"ADBE Vector Shape - Group","hd":false,"_render":true},{"ty":"fl","c":{"a":0,"k":[0,0.1686,0.1686,1],"ix":4},"o":{"a":0,"k":100,"ix":5},"r":1,"bm":0,"nm":"Fill 1","mn":"ADBE Vector Graphic - Fill","hd":false,"_render":true},{"ty":"tr","p":{"a":0,"k":[11.344,25.936],"ix":2},"a":{"a":0,"k":[0,0],"ix":1},"s":{"a":0,"k":[100,100],"ix":3},"r":{"a":0,"k":0,"ix":6},"o":{"a":0,"k":100,"ix":7},"sk":{"a":0,"k":0,"ix":4},"sa":{"a":0,"k":0,"ix":5},"nm":"Transform","_render":true}],"nm":"Group 2","np":4,"cix":2,"bm":0,"ix":2,"mn":"ADBE Vector Group","hd":false,"_render":true},{"ty":"gr","it":[{"ind":0,"ty":"sh","ix":1,"ks":{"a":0,"k":{"i":[[3.013,3.575],[2.4690000000000003,3.5060000000000002],[-3.333,-2.296],[-3.609,-3.0220000000000002],[-2.607,-3.575],[3.333,2.365],[3.609,3.091]],"o":[[2.65,3.575],[2.33,3.367],[-3.609,-2.572],[-3.056,-3.575],[-2.33,-3.298],[3.609,2.641],[3.194,3.5060000000000002]],"v":[[2.832,3.575],[2.33,3.367],[-3.333,-2.296],[-3.333,-3.298],[-2.33,-3.298],[3.333,2.365],[3.333,3.367]],"c":true},"ix":2},"nm":"Path 1","mn":"ADBE Vector Shape - Group","hd":false,"_render":true},{"ty":"fl","c":{"a":0,"k":[0,0.1686,0.1686,1],"ix":4},"o":{"a":0,"k":100,"ix":5},"r":1,"bm":0,"nm":"Fill 1","mn":"ADBE Vector Graphic - Fill","hd":false,"_render":true},{"ty":"tr","p":{"a":0,"k":[11.344,39.588],"ix":2},"a":{"a":0,"k":[0,0],"ix":1},"s":{"a":0,"k":[100,100],"ix":3},"r":{"a":0,"k":0,"ix":6},"o":{"a":0,"k":100,"ix":7},"sk":{"a":0,"k":0,"ix":4},"sa":{"a":0,"k":0,"ix":5},"nm":"Transform","_render":true}],"nm":"Group 3","np":4,"cix":2,"bm":0,"ix":3,"mn":"ADBE Vector Group","hd":false,"_render":true},{"ty":"gr","it":[{"ind":0,"ty":"sh","ix":1,"ks":{"a":0,"k":{"i":[[-2.65,3.574],[-3.194,3.506],[-3.609,2.6420000000000003],[2.33,-3.298],[3.056,-3.574],[3.609,-2.573],[-2.33,3.368]],"o":[[-3.013,3.574],[-3.609,3.0909999999999997],[-3.333,2.365],[2.607,-3.574],[3.609,-3.0220000000000002],[3.333,-2.296],[-2.4690000000000003,3.506]],"v":[[-2.831,3.574],[-3.333,3.368],[-3.333,2.365],[2.33,-3.298],[3.333,-3.298],[3.333,-2.296],[-2.33,3.368]],"c":true},"ix":2},"nm":"Path 1","mn":"ADBE Vector Shape - Group","hd":false,"_render":true},{"ty":"fl","c":{"a":0,"k":[0,0.1686,0.1686,1],"ix":4},"o":{"a":0,"k":100,"ix":5},"r":1,"bm":0,"nm":"Fill 1","mn":"ADBE Vector Graphic - Fill","hd":false,"_render":true},{"ty":"tr","p":{"a":0,"k":[17.007,69.78],"ix":2},"a":{"a":0,"k":[0,0],"ix":1},"s":{"a":0,"k":[100,100],"ix":3},"r":{"a":0,"k":0,"ix":6},"o":{"a":0,"k":100,"ix":7},"sk":{"a":0,"k":0,"ix":4},"sa":{"a":0,"k":0,"ix":5},"nm":"Transform","_render":true}],"nm":"Group 4","np":4,"cix":2,"bm":0,"ix":4,"mn":"ADBE Vector Group","hd":false,"_render":true},{"ty":"gr","it":[{"ind":0,"ty":"sh","ix":1,"ks":{"a":0,"k":{"i":[[-2.65,3.575],[-3.194,3.5060000000000002],[-3.609,2.641],[2.33,-3.298],[3.056,-3.575],[3.609,-2.572],[-2.33,3.367]],"o":[[-3.013,3.575],[-3.609,3.091],[-3.333,2.365],[2.607,-3.575],[3.609,-3.0220000000000002],[3.333,-2.296],[-2.4690000000000003,3.5060000000000002]],"v":[[-2.831,3.575],[-3.333,3.367],[-3.333,2.365],[2.33,-3.298],[3.333,-3.298],[3.333,-2.296],[-2.33,3.367]],"c":true},"ix":2},"nm":"Path 1","mn":"ADBE Vector Shape - Group","hd":false,"_render":true},{"ty":"fl","c":{"a":0,"k":[0,0.1686,0.1686,1],"ix":4},"o":{"a":0,"k":100,"ix":5},"r":1,"bm":0,"nm":"Fill 1","mn":"ADBE Vector Graphic - Fill","hd":false,"_render":true},{"ty":"tr","p":{"a":0,"k":[17.007,52.76],"ix":2},"a":{"a":0,"k":[0,0],"ix":1},"s":{"a":0,"k":[100,100],"ix":3},"r":{"a":0,"k":0,"ix":6},"o":{"a":0,"k":100,"ix":7},"sk":{"a":0,"k":0,"ix":4},"sa":{"a":0,"k":0,"ix":5},"nm":"Transform","_render":true}],"nm":"Group 5","np":4,"cix":2,"bm":0,"ix":5,"mn":"ADBE Vector Group","hd":false,"_render":true},{"ty":"gr","it":[{"ind":0,"ty":"sh","ix":1,"ks":{"a":0,"k":{"i":[[-2.65,3.574],[-3.194,3.5060000000000002],[-3.609,2.641],[2.33,-3.298],[3.056,-3.574],[3.609,-2.573],[-2.33,3.367]],"o":[[-3.013,3.574],[-3.609,3.091],[-3.333,2.365],[2.607,-3.574],[3.609,-3.0220000000000002],[3.333,-2.296],[-2.4690000000000003,3.5060000000000002]],"v":[[-2.831,3.574],[-3.333,3.367],[-3.333,2.365],[2.33,-3.298],[3.333,-3.298],[3.333,-2.296],[-2.33,3.367]],"c":true},"ix":2},"nm":"Path 1","mn":"ADBE Vector Shape - Group","hd":false,"_render":true},{"ty":"fl","c":{"a":0,"k":[0,0.1686,0.1686,1],"ix":4},"o":{"a":0,"k":100,"ix":5},"r":1,"bm":0,"nm":"Fill 1","mn":"ADBE Vector Graphic - Fill","hd":false,"_render":true},{"ty":"tr","p":{"a":0,"k":[17.007,32.7],"ix":2},"a":{"a":0,"k":[0,0],"ix":1},"s":{"a":0,"k":[100,100],"ix":3},"r":{"a":0,"k":0,"ix":6},"o":{"a":0,"k":100,"ix":7},"sk":{"a":0,"k":0,"ix":4},"sa":{"a":0,"k":0,"ix":5},"nm":"Transform","_render":true}],"nm":"Group 6","np":4,"cix":2,"bm":0,"ix":6,"mn":"ADBE Vector Group","hd":false,"_render":true},{"ty":"gr","it":[{"ind":0,"ty":"sh","ix":1,"ks":{"a":0,"k":{"i":[[0.392,36.538],[-0.708,36.221000000000004],[-0.708,-35.829],[-0.391,-36.538],[0.708,-36.221000000000004],[0.708,35.829]],"o":[[-0.391,36.538],[-0.708,35.829],[-0.708,-36.221000000000004],[0.392,-36.538],[0.708,-35.829],[0.708,36.221000000000004]],"v":[[0.001,36.538],[-0.708,35.829],[-0.708,-35.829],[0.001,-36.538],[0.708,-35.829],[0.708,35.829]],"c":true},"ix":2},"nm":"Path 1","mn":"ADBE Vector Shape - Group","hd":false,"_render":true},{"ty":"fl","c":{"a":0,"k":[0,0.1686,0.1686,1],"ix":4},"o":{"a":0,"k":100,"ix":5},"r":1,"bm":0,"nm":"Fill 1","mn":"ADBE Vector Graphic - Fill","hd":false,"_render":true},{"ty":"tr","p":{"a":0,"k":[14.176,55.625],"ix":2},"a":{"a":0,"k":[0,0],"ix":1},"s":{"a":0,"k":[100,100],"ix":3},"r":{"a":0,"k":0,"ix":6},"o":{"a":0,"k":100,"ix":7},"sk":{"a":0,"k":0,"ix":4},"sa":{"a":0,"k":0,"ix":5},"nm":"Transform","_render":true}],"nm":"Group 7","np":4,"cix":2,"bm":0,"ix":7,"mn":"ADBE Vector Group","hd":false,"_render":true},{"ty":"gr","it":[{"ind":0,"ty":"sh","ix":1,"ks":{"a":0,"k":{"i":[[13.926,-21.87],[7.691,39.598],[-13.926,21.868],[-7.691000000000001,-39.598]],"o":[[13.926,21.868],[-7.691000000000001,39.598],[-13.926,-21.87],[7.691,-39.598]],"v":[[13.926,-0.001],[-0.001,39.598],[-13.926,-0.001],[-0.001,-39.598]],"c":true},"ix":2},"nm":"Path 1","mn":"ADBE Vector Shape - Group","hd":false,"_render":true},{"ty":"fl","c":{"a":0,"k":[0.1271,0.6929,0.6929,1],"ix":4},"o":{"a":0,"k":100,"ix":5},"r":1,"bm":0,"nm":"Fill 1","mn":"ADBE Vector Graphic - Fill","hd":false,"_render":true},{"ty":"tr","p":{"a":0,"k":[14.176,39.848],"ix":2},"a":{"a":0,"k":[0,0],"ix":1},"s":{"a":0,"k":[100,100],"ix":3},"r":{"a":0,"k":0,"ix":6},"o":{"a":0,"k":100,"ix":7},"sk":{"a":0,"k":0,"ix":4},"sa":{"a":0,"k":0,"ix":5},"nm":"Transform","_render":true}],"nm":"Group 8","np":4,"cix":2,"bm":0,"ix":8,"mn":"ADBE Vector Group","hd":false,"_render":true}],"ip":0,"op":899.000036617021,"st":0,"bm":0,"completed":true},{"ddd":0,"ind":11,"ty":4,"nm":"Layer 15/ic2 Outlines 3","sr":1,"ks":{"o":{"a":0,"k":100,"ix":11},"r":{"a":0,"k":0,"ix":10},"p":{"a":1,"k":[{"i":{"x":0.833,"y":0.833},"o":{"x":0.167,"y":0.167},"t":0,"s":[1047.5,247.5,0],"to":null,"ti":null},{"t":120.0000048877,"s":[701.5,247.5,0]}],"ix":2},"a":{"a":0,"k":[640,512,0],"ix":1},"s":{"a":0,"k":[81.5,81.5,100],"ix":6}},"ao":0,"shapes":[{"ty":"gr","it":[{"ind":0,"ty":"sh","ix":1,"ks":{"a":0,"k":{"i":[[-190.678,-108.24],[-192.034,-108.24],[-192.034,-38.716],[-199.91,-38.716],[-199.91,-32.198],[-202.801,-32.198],[-202.801,-24.724],[-206.021,-24.724],[-206.021,29.724],[-212.19,29.724],[-212.19,108.241],[212.19,108.241],[212.19,27.533],[191.929,18.991],[191.929,5.281],[188.398,5.281],[188.398,-9.384],[186.497,-9.384],[186.497,-19.161],[168.572,-19.161],[168.572,-9.384],[166.672,-9.384],[166.672,5.281],[163.682,5.281],[163.682,30.539],[154.177,30.539],[154.177,-13.186],[132.179,-13.186],[132.179,-42.517],[119.687,-42.517],[119.687,-50.122],[111.81,-50.122],[111.81,-59.899],[91.442,-59.899],[91.442,27.008],[72.16,27.008],[72.16,-1.237],[68.629,-1.237],[68.629,-16.99],[33.322,-16.99],[33.322,-1.237],[30.879,-1.237],[30.879,36.241],[22.46,36.241],[22.46,12.614],[5.622,12.614],[5.622,-20.181],[2.905,-20.181],[2.905,-27.851],[-21.809,-27.851],[-21.809,-20.181],[-23.982,-20.181],[-23.982,21.848],[-32.128,21.848],[-32.128,4.467],[-34.03,4.467],[-34.03,-1.237],[-51.411,-1.237],[-51.411,4.467],[-53.584,4.467],[-53.584,36.241],[-62.003,36.241],[-62.003,14.516],[-76.668,14.516],[-76.668,-8.298],[-103.827,-20.181],[-103.827,37.465],[-115.777,37.465],[-115.777,21.848],[-133.43,21.848],[-133.43,-1.237],[-137.232,-1.237],[-137.232,-8.298],[-158.144,-8.298],[-158.144,-1.237],[-160.045,-1.237],[-160.045,38.414],[-170.636,38.414],[-170.636,29.724],[-176.69,29.724],[-176.69,-24.724],[-179.91,-24.724],[-179.91,-32.198],[-182.801,-32.198],[-182.801,-38.716],[-190.678,-38.716]],"o":[[-190.678,-108.24],[-192.034,-108.24],[-192.034,-38.716],[-199.91,-38.716],[-199.91,-32.198],[-202.801,-32.198],[-202.801,-24.724],[-206.021,-24.724],[-206.021,29.724],[-212.19,29.724],[-212.19,108.241],[212.19,108.241],[212.19,27.533],[191.929,18.991],[191.929,5.281],[188.398,5.281],[188.398,-9.384],[186.497,-9.384],[186.497,-19.161],[168.572,-19.161],[168.572,-9.384],[166.672,-9.384],[166.672,5.281],[163.682,5.281],[163.682,30.539],[154.177,30.539],[154.177,-13.186],[132.179,-13.186],[132.179,-42.517],[119.687,-42.517],[119.687,-50.122],[111.81,-50.122],[111.81,-59.899],[91.442,-59.899],[91.442,27.008],[72.16,27.008],[72.16,-1.237],[68.629,-1.237],[68.629,-16.99],[33.322,-16.99],[33.322,-1.237],[30.879,-1.237],[30.879,36.241],[22.46,36.241],[22.46,12.614],[5.622,12.614],[5.622,-20.181],[2.905,-20.181],[2.905,-27.851],[-21.809,-27.851],[-21.809,-20.181],[-23.982,-20.181],[-23.982,21.848],[-32.128,21.848],[-32.128,4.467],[-34.03,4.467],[-34.03,-1.237],[-51.411,-1.237],[-51.411,4.467],[-53.584,4.467],[-53.584,36.241],[-62.003,36.241],[-62.003,14.516],[-76.668,14.516],[-76.668,-8.298],[-103.827,-20.181],[-103.827,37.465],[-115.777,37.465],[-115.777,21.848],[-133.43,21.848],[-133.43,-1.237],[-137.232,-1.237],[-137.232,-8.298],[-158.144,-8.298],[-158.144,-1.237],[-160.045,-1.237],[-160.045,38.414],[-170.636,38.414],[-170.636,29.724],[-176.69,29.724],[-176.69,-24.724],[-179.91,-24.724],[-179.91,-32.198],[-182.801,-32.198],[-182.801,-38.716],[-190.678,-38.716]],"v":[[-190.678,-108.24],[-192.034,-108.24],[-192.034,-38.716],[-199.91,-38.716],[-199.91,-32.198],[-202.801,-32.198],[-202.801,-24.724],[-206.021,-24.724],[-206.021,29.724],[-212.19,29.724],[-212.19,108.241],[212.19,108.241],[212.19,27.533],[191.929,18.991],[191.929,5.281],[188.398,5.281],[188.398,-9.384],[186.497,-9.384],[186.497,-19.161],[168.572,-19.161],[168.572,-9.384],[166.672,-9.384],[166.672,5.281],[163.682,5.281],[163.682,30.539],[154.177,30.539],[154.177,-13.186],[132.179,-13.186],[132.179,-42.517],[119.687,-42.517],[119.687,-50.122],[111.81,-50.122],[111.81,-59.899],[91.442,-59.899],[91.442,27.008],[72.16,27.008],[72.16,-1.237],[68.629,-1.237],[68.629,-16.99],[33.322,-16.99],[33.322,-1.237],[30.879,-1.237],[30.879,36.241],[22.46,36.241],[22.46,12.614],[5.622,12.614],[5.622,-20.181],[2.905,-20.181],[2.905,-27.851],[-21.809,-27.851],[-21.809,-20.181],[-23.982,-20.181],[-23.982,21.848],[-32.128,21.848],[-32.128,4.467],[-34.03,4.467],[-34.03,-1.237],[-51.411,-1.237],[-51.411,4.467],[-53.584,4.467],[-53.584,36.241],[-62.003,36.241],[-62.003,14.516],[-76.668,14.516],[-76.668,-8.298],[-103.827,-20.181],[-103.827,37.465],[-115.777,37.465],[-115.777,21.848],[-133.43,21.848],[-133.43,-1.237],[-137.232,-1.237],[-137.232,-8.298],[-158.144,-8.298],[-158.144,-1.237],[-160.045,-1.237],[-160.045,38.414],[-170.636,38.414],[-170.636,29.724],[-176.69,29.724],[-176.69,-24.724],[-179.91,-24.724],[-179.91,-32.198],[-182.801,-32.198],[-182.801,-38.716],[-190.678,-38.716]],"c":true},"ix":2},"nm":"Path 1","mn":"ADBE Vector Shape - Group","hd":false,"_render":true},{"ty":"fl","c":{"a":0,"k":[0.883,0.8938,0.937,1],"ix":4},"o":{"a":0,"k":100,"ix":5},"r":1,"bm":0,"nm":"Fill 1","mn":"ADBE Vector Graphic - Fill","hd":false,"_render":true},{"ty":"tr","p":{"a":0,"k":[412.725,557.844],"ix":2},"a":{"a":0,"k":[0,0],"ix":1},"s":{"a":0,"k":[100,100],"ix":3},"r":{"a":0,"k":0,"ix":6},"o":{"a":0,"k":100,"ix":7},"sk":{"a":0,"k":0,"ix":4},"sa":{"a":0,"k":0,"ix":5},"nm":"Transform","_render":true}],"nm":"Group 1","np":2,"cix":2,"bm":0,"ix":1,"mn":"ADBE Vector Group","hd":false,"_render":true}],"ip":0,"op":899.000036617021,"st":0,"bm":0,"completed":true},{"ddd":0,"ind":12,"ty":4,"nm":"Layer 15/ic2 Outlines 2","sr":1,"ks":{"o":{"a":0,"k":100,"ix":11},"r":{"a":0,"k":0,"ix":10},"p":{"a":1,"k":[{"i":{"x":0.833,"y":0.833},"o":{"x":0.167,"y":0.167},"t":0,"s":[701.5,247.5,0],"to":null,"ti":null},{"t":120.0000048877,"s":[355.5,247.5,0]}],"ix":2},"a":{"a":0,"k":[640,512,0],"ix":1},"s":{"a":0,"k":[81.5,81.5,100],"ix":6}},"ao":0,"shapes":[{"ty":"gr","it":[{"ind":0,"ty":"sh","ix":1,"ks":{"a":0,"k":{"i":[[-190.678,-108.24],[-192.034,-108.24],[-192.034,-38.716],[-199.91,-38.716],[-199.91,-32.198],[-202.801,-32.198],[-202.801,-24.724],[-206.021,-24.724],[-206.021,29.724],[-212.19,29.724],[-212.19,108.241],[212.19,108.241],[212.19,27.533],[191.929,18.991],[191.929,5.281],[188.398,5.281],[188.398,-9.384],[186.497,-9.384],[186.497,-19.161],[168.572,-19.161],[168.572,-9.384],[166.672,-9.384],[166.672,5.281],[163.682,5.281],[163.682,30.539],[154.177,30.539],[154.177,-13.186],[132.179,-13.186],[132.179,-42.517],[119.687,-42.517],[119.687,-50.122],[111.81,-50.122],[111.81,-59.899],[91.442,-59.899],[91.442,27.008],[72.16,27.008],[72.16,-1.237],[68.629,-1.237],[68.629,-16.99],[33.322,-16.99],[33.322,-1.237],[30.879,-1.237],[30.879,36.241],[22.46,36.241],[22.46,12.614],[5.622,12.614],[5.622,-20.181],[2.905,-20.181],[2.905,-27.851],[-21.809,-27.851],[-21.809,-20.181],[-23.982,-20.181],[-23.982,21.848],[-32.128,21.848],[-32.128,4.467],[-34.03,4.467],[-34.03,-1.237],[-51.411,-1.237],[-51.411,4.467],[-53.584,4.467],[-53.584,36.241],[-62.003,36.241],[-62.003,14.516],[-76.668,14.516],[-76.668,-8.298],[-103.827,-20.181],[-103.827,37.465],[-115.777,37.465],[-115.777,21.848],[-133.43,21.848],[-133.43,-1.237],[-137.232,-1.237],[-137.232,-8.298],[-158.144,-8.298],[-158.144,-1.237],[-160.045,-1.237],[-160.045,38.414],[-170.636,38.414],[-170.636,29.724],[-176.69,29.724],[-176.69,-24.724],[-179.91,-24.724],[-179.91,-32.198],[-182.801,-32.198],[-182.801,-38.716],[-190.678,-38.716]],"o":[[-190.678,-108.24],[-192.034,-108.24],[-192.034,-38.716],[-199.91,-38.716],[-199.91,-32.198],[-202.801,-32.198],[-202.801,-24.724],[-206.021,-24.724],[-206.021,29.724],[-212.19,29.724],[-212.19,108.241],[212.19,108.241],[212.19,27.533],[191.929,18.991],[191.929,5.281],[188.398,5.281],[188.398,-9.384],[186.497,-9.384],[186.497,-19.161],[168.572,-19.161],[168.572,-9.384],[166.672,-9.384],[166.672,5.281],[163.682,5.281],[163.682,30.539],[154.177,30.539],[154.177,-13.186],[132.179,-13.186],[132.179,-42.517],[119.687,-42.517],[119.687,-50.122],[111.81,-50.122],[111.81,-59.899],[91.442,-59.899],[91.442,27.008],[72.16,27.008],[72.16,-1.237],[68.629,-1.237],[68.629,-16.99],[33.322,-16.99],[33.322,-1.237],[30.879,-1.237],[30.879,36.241],[22.46,36.241],[22.46,12.614],[5.622,12.614],[5.622,-20.181],[2.905,-20.181],[2.905,-27.851],[-21.809,-27.851],[-21.809,-20.181],[-23.982,-20.181],[-23.982,21.848],[-32.128,21.848],[-32.128,4.467],[-34.03,4.467],[-34.03,-1.237],[-51.411,-1.237],[-51.411,4.467],[-53.584,4.467],[-53.584,36.241],[-62.003,36.241],[-62.003,14.516],[-76.668,14.516],[-76.668,-8.298],[-103.827,-20.181],[-103.827,37.465],[-115.777,37.465],[-115.777,21.848],[-133.43,21.848],[-133.43,-1.237],[-137.232,-1.237],[-137.232,-8.298],[-158.144,-8.298],[-158.144,-1.237],[-160.045,-1.237],[-160.045,38.414],[-170.636,38.414],[-170.636,29.724],[-176.69,29.724],[-176.69,-24.724],[-179.91,-24.724],[-179.91,-32.198],[-182.801,-32.198],[-182.801,-38.716],[-190.678,-38.716]],"v":[[-190.678,-108.24],[-192.034,-108.24],[-192.034,-38.716],[-199.91,-38.716],[-199.91,-32.198],[-202.801,-32.198],[-202.801,-24.724],[-206.021,-24.724],[-206.021,29.724],[-212.19,29.724],[-212.19,108.241],[212.19,108.241],[212.19,27.533],[191.929,18.991],[191.929,5.281],[188.398,5.281],[188.398,-9.384],[186.497,-9.384],[186.497,-19.161],[168.572,-19.161],[168.572,-9.384],[166.672,-9.384],[166.672,5.281],[163.682,5.281],[163.682,30.539],[154.177,30.539],[154.177,-13.186],[132.179,-13.186],[132.179,-42.517],[119.687,-42.517],[119.687,-50.122],[111.81,-50.122],[111.81,-59.899],[91.442,-59.899],[91.442,27.008],[72.16,27.008],[72.16,-1.237],[68.629,-1.237],[68.629,-16.99],[33.322,-16.99],[33.322,-1.237],[30.879,-1.237],[30.879,36.241],[22.46,36.241],[22.46,12.614],[5.622,12.614],[5.622,-20.181],[2.905,-20.181],[2.905,-27.851],[-21.809,-27.851],[-21.809,-20.181],[-23.982,-20.181],[-23.982,21.848],[-32.128,21.848],[-32.128,4.467],[-34.03,4.467],[-34.03,-1.237],[-51.411,-1.237],[-51.411,4.467],[-53.584,4.467],[-53.584,36.241],[-62.003,36.241],[-62.003,14.516],[-76.668,14.516],[-76.668,-8.298],[-103.827,-20.181],[-103.827,37.465],[-115.777,37.465],[-115.777,21.848],[-133.43,21.848],[-133.43,-1.237],[-137.232,-1.237],[-137.232,-8.298],[-158.144,-8.298],[-158.144,-1.237],[-160.045,-1.237],[-160.045,38.414],[-170.636,38.414],[-170.636,29.724],[-176.69,29.724],[-176.69,-24.724],[-179.91,-24.724],[-179.91,-32.198],[-182.801,-32.198],[-182.801,-38.716],[-190.678,-38.716]],"c":true},"ix":2},"nm":"Path 1","mn":"ADBE Vector Shape - Group","hd":false,"_render":true},{"ty":"fl","c":{"a":0,"k":[0.883,0.8938,0.937,1],"ix":4},"o":{"a":0,"k":100,"ix":5},"r":1,"bm":0,"nm":"Fill 1","mn":"ADBE Vector Graphic - Fill","hd":false,"_render":true},{"ty":"tr","p":{"a":0,"k":[412.725,557.844],"ix":2},"a":{"a":0,"k":[0,0],"ix":1},"s":{"a":0,"k":[100,100],"ix":3},"r":{"a":0,"k":0,"ix":6},"o":{"a":0,"k":100,"ix":7},"sk":{"a":0,"k":0,"ix":4},"sa":{"a":0,"k":0,"ix":5},"nm":"Transform","_render":true}],"nm":"Group 1","np":2,"cix":2,"bm":0,"ix":1,"mn":"ADBE Vector Group","hd":false,"_render":true}],"ip":0,"op":899.000036617021,"st":0,"bm":0,"completed":true},{"ddd":0,"ind":13,"ty":4,"nm":"Layer 15/ic2 Outlines","sr":1,"ks":{"o":{"a":0,"k":100,"ix":11},"r":{"a":0,"k":0,"ix":10},"p":{"a":1,"k":[{"i":{"x":0.833,"y":0.833},"o":{"x":0.167,"y":0.167},"t":0,"s":[358.5,247.5,0],"to":null,"ti":null},{"t":120.0000048877,"s":[12.5,247.5,0]}],"ix":2},"a":{"a":0,"k":[640,512,0],"ix":1},"s":{"a":0,"k":[81.5,81.5,100],"ix":6}},"ao":0,"shapes":[{"ty":"gr","it":[{"ind":0,"ty":"sh","ix":1,"ks":{"a":0,"k":{"i":[[-190.678,-108.24],[-192.034,-108.24],[-192.034,-38.716],[-199.91,-38.716],[-199.91,-32.198],[-202.801,-32.198],[-202.801,-24.724],[-206.021,-24.724],[-206.021,29.724],[-212.19,29.724],[-212.19,108.241],[212.19,108.241],[212.19,27.533],[191.929,18.991],[191.929,5.281],[188.398,5.281],[188.398,-9.384],[186.497,-9.384],[186.497,-19.161],[168.572,-19.161],[168.572,-9.384],[166.672,-9.384],[166.672,5.281],[163.682,5.281],[163.682,30.539],[154.177,30.539],[154.177,-13.186],[132.179,-13.186],[132.179,-42.517],[119.687,-42.517],[119.687,-50.122],[111.81,-50.122],[111.81,-59.899],[91.442,-59.899],[91.442,27.008],[72.16,27.008],[72.16,-1.237],[68.629,-1.237],[68.629,-16.99],[33.322,-16.99],[33.322,-1.237],[30.879,-1.237],[30.879,36.241],[22.46,36.241],[22.46,12.614],[5.622,12.614],[5.622,-20.181],[2.905,-20.181],[2.905,-27.851],[-21.809,-27.851],[-21.809,-20.181],[-23.982,-20.181],[-23.982,21.848],[-32.128,21.848],[-32.128,4.467],[-34.03,4.467],[-34.03,-1.237],[-51.411,-1.237],[-51.411,4.467],[-53.584,4.467],[-53.584,36.241],[-62.003,36.241],[-62.003,14.516],[-76.668,14.516],[-76.668,-8.298],[-103.827,-20.181],[-103.827,37.465],[-115.777,37.465],[-115.777,21.848],[-133.43,21.848],[-133.43,-1.237],[-137.232,-1.237],[-137.232,-8.298],[-158.144,-8.298],[-158.144,-1.237],[-160.045,-1.237],[-160.045,38.414],[-170.636,38.414],[-170.636,29.724],[-176.69,29.724],[-176.69,-24.724],[-179.91,-24.724],[-179.91,-32.198],[-182.801,-32.198],[-182.801,-38.716],[-190.678,-38.716]],"o":[[-190.678,-108.24],[-192.034,-108.24],[-192.034,-38.716],[-199.91,-38.716],[-199.91,-32.198],[-202.801,-32.198],[-202.801,-24.724],[-206.021,-24.724],[-206.021,29.724],[-212.19,29.724],[-212.19,108.241],[212.19,108.241],[212.19,27.533],[191.929,18.991],[191.929,5.281],[188.398,5.281],[188.398,-9.384],[186.497,-9.384],[186.497,-19.161],[168.572,-19.161],[168.572,-9.384],[166.672,-9.384],[166.672,5.281],[163.682,5.281],[163.682,30.539],[154.177,30.539],[154.177,-13.186],[132.179,-13.186],[132.179,-42.517],[119.687,-42.517],[119.687,-50.122],[111.81,-50.122],[111.81,-59.899],[91.442,-59.899],[91.442,27.008],[72.16,27.008],[72.16,-1.237],[68.629,-1.237],[68.629,-16.99],[33.322,-16.99],[33.322,-1.237],[30.879,-1.237],[30.879,36.241],[22.46,36.241],[22.46,12.614],[5.622,12.614],[5.622,-20.181],[2.905,-20.181],[2.905,-27.851],[-21.809,-27.851],[-21.809,-20.181],[-23.982,-20.181],[-23.982,21.848],[-32.128,21.848],[-32.128,4.467],[-34.03,4.467],[-34.03,-1.237],[-51.411,-1.237],[-51.411,4.467],[-53.584,4.467],[-53.584,36.241],[-62.003,36.241],[-62.003,14.516],[-76.668,14.516],[-76.668,-8.298],[-103.827,-20.181],[-103.827,37.465],[-115.777,37.465],[-115.777,21.848],[-133.43,21.848],[-133.43,-1.237],[-137.232,-1.237],[-137.232,-8.298],[-158.144,-8.298],[-158.144,-1.237],[-160.045,-1.237],[-160.045,38.414],[-170.636,38.414],[-170.636,29.724],[-176.69,29.724],[-176.69,-24.724],[-179.91,-24.724],[-179.91,-32.198],[-182.801,-32.198],[-182.801,-38.716],[-190.678,-38.716]],"v":[[-190.678,-108.24],[-192.034,-108.24],[-192.034,-38.716],[-199.91,-38.716],[-199.91,-32.198],[-202.801,-32.198],[-202.801,-24.724],[-206.021,-24.724],[-206.021,29.724],[-212.19,29.724],[-212.19,108.241],[212.19,108.241],[212.19,27.533],[191.929,18.991],[191.929,5.281],[188.398,5.281],[188.398,-9.384],[186.497,-9.384],[186.497,-19.161],[168.572,-19.161],[168.572,-9.384],[166.672,-9.384],[166.672,5.281],[163.682,5.281],[163.682,30.539],[154.177,30.539],[154.177,-13.186],[132.179,-13.186],[132.179,-42.517],[119.687,-42.517],[119.687,-50.122],[111.81,-50.122],[111.81,-59.899],[91.442,-59.899],[91.442,27.008],[72.16,27.008],[72.16,-1.237],[68.629,-1.237],[68.629,-16.99],[33.322,-16.99],[33.322,-1.237],[30.879,-1.237],[30.879,36.241],[22.46,36.241],[22.46,12.614],[5.622,12.614],[5.622,-20.181],[2.905,-20.181],[2.905,-27.851],[-21.809,-27.851],[-21.809,-20.181],[-23.982,-20.181],[-23.982,21.848],[-32.128,21.848],[-32.128,4.467],[-34.03,4.467],[-34.03,-1.237],[-51.411,-1.237],[-51.411,4.467],[-53.584,4.467],[-53.584,36.241],[-62.003,36.241],[-62.003,14.516],[-76.668,14.516],[-76.668,-8.298],[-103.827,-20.181],[-103.827,37.465],[-115.777,37.465],[-115.777,21.848],[-133.43,21.848],[-133.43,-1.237],[-137.232,-1.237],[-137.232,-8.298],[-158.144,-8.298],[-158.144,-1.237],[-160.045,-1.237],[-160.045,38.414],[-170.636,38.414],[-170.636,29.724],[-176.69,29.724],[-176.69,-24.724],[-179.91,-24.724],[-179.91,-32.198],[-182.801,-32.198],[-182.801,-38.716],[-190.678,-38.716]],"c":true},"ix":2},"nm":"Path 1","mn":"ADBE Vector Shape - Group","hd":false,"_render":true},{"ty":"fl","c":{"a":0,"k":[0.883,0.8938,0.937,1],"ix":4},"o":{"a":0,"k":100,"ix":5},"r":1,"bm":0,"nm":"Fill 1","mn":"ADBE Vector Graphic - Fill","hd":false,"_render":true},{"ty":"tr","p":{"a":0,"k":[412.725,557.844],"ix":2},"a":{"a":0,"k":[0,0],"ix":1},"s":{"a":0,"k":[100,100],"ix":3},"r":{"a":0,"k":0,"ix":6},"o":{"a":0,"k":100,"ix":7},"sk":{"a":0,"k":0,"ix":4},"sa":{"a":0,"k":0,"ix":5},"nm":"Transform","_render":true}],"nm":"Group 1","np":2,"cix":2,"bm":0,"ix":1,"mn":"ADBE Vector Group","hd":false,"_render":true}],"ip":0,"op":899.000036617021,"st":0,"bm":0,"completed":true},{"ddd":0,"ind":14,"ty":4,"nm":"Layer 6 Outlines","sr":1,"ks":{"o":{"a":0,"k":100,"ix":11},"r":{"a":0,"k":0,"ix":10},"p":{"a":0,"k":[431.795,131.103,0],"ix":2},"a":{"a":0,"k":[35.271,35.271,0],"ix":1},"s":{"a":0,"k":[100,100,100],"ix":6}},"ao":0,"shapes":[{"ty":"gr","it":[{"ind":0,"ty":"sh","ix":1,"ks":{"a":0,"k":{"i":[[19.448,-10.741],[10.74,19.448],[-19.448,10.74],[-10.74,-19.448]],"o":[[19.448,10.74],[-10.74,19.448],[-19.448,-10.741],[10.74,-19.448]],"v":[[19.448,0],[0,19.448],[-19.448,0],[0,-19.448]],"c":true},"ix":2},"nm":"Path 1","mn":"ADBE Vector Shape - Group","hd":false,"_render":true},{"ty":"fl","c":{"a":0,"k":[0.16,0.328,1,1],"ix":4},"o":{"a":0,"k":100,"ix":5},"r":1,"bm":0,"nm":"Fill 1","mn":"ADBE Vector Graphic - Fill","hd":false,"_render":true},{"ty":"tr","p":{"a":0,"k":[35.27,35.27],"ix":2},"a":{"a":0,"k":[0,0],"ix":1},"s":{"a":0,"k":[100,100],"ix":3},"r":{"a":0,"k":0,"ix":6},"o":{"a":0,"k":100,"ix":7},"sk":{"a":0,"k":0,"ix":4},"sa":{"a":0,"k":0,"ix":5},"nm":"Transform","_render":true}],"nm":"Group 1","np":4,"cix":2,"bm":0,"ix":1,"mn":"ADBE Vector Group","hd":false,"_render":true},{"ty":"gr","it":[{"ind":0,"ty":"sh","ix":1,"ks":{"a":0,"k":{"i":[[28.273,-15.615],[15.615,28.272],[-28.272,15.614],[-15.614,-28.273]],"o":[[28.273,15.614],[-15.614,28.272],[-28.272,-15.615],[15.615,-28.273]],"v":[[28.273,0],[0.001,28.272],[-28.272,0],[0.001,-28.273]],"c":true},"ix":2},"nm":"Path 1","mn":"ADBE Vector Shape - Group","hd":false,"_render":true},{"ty":"fl","c":{"a":0,"k":[1,1,1,1],"ix":4},"o":{"a":0,"k":100,"ix":5},"r":1,"bm":0,"nm":"Fill 1","mn":"ADBE Vector Graphic - Fill","hd":false,"_render":true},{"ty":"tr","p":{"a":0,"k":[35.271,35.27],"ix":2},"a":{"a":0,"k":[0,0],"ix":1},"s":{"a":0,"k":[100,100],"ix":3},"r":{"a":0,"k":0,"ix":6},"o":{"a":0,"k":100,"ix":7},"sk":{"a":0,"k":0,"ix":4},"sa":{"a":0,"k":0,"ix":5},"nm":"Transform","_render":true}],"nm":"Group 2","np":4,"cix":2,"bm":0,"ix":2,"mn":"ADBE Vector Group","hd":false,"_render":true},{"ty":"gr","it":[{"ind":0,"ty":"sh","ix":1,"ks":{"a":0,"k":{"i":[[35.271,-19.479],[19.48,35.27],[-35.27,19.479],[-19.479,-35.271]],"o":[[35.271,19.479],[-19.479,35.27],[-35.27,-19.479],[19.48,-35.271]],"v":[[35.271,0],[0,35.27],[-35.27,0],[0,-35.271]],"c":true},"ix":2},"nm":"Path 1","mn":"ADBE Vector Shape - Group","hd":false,"_render":true},{"ty":"fl","c":{"a":0,"k":[1,1,1,1],"ix":4},"o":{"a":0,"k":100,"ix":5},"r":1,"bm":0,"nm":"Fill 1","mn":"ADBE Vector Graphic - Fill","hd":false,"_render":true},{"ty":"tr","p":{"a":0,"k":[35.271,35.27],"ix":2},"a":{"a":0,"k":[0,0],"ix":1},"s":{"a":0,"k":[100,100],"ix":3},"r":{"a":0,"k":0,"ix":6},"o":{"a":0,"k":100,"ix":7},"sk":{"a":0,"k":0,"ix":4},"sa":{"a":0,"k":0,"ix":5},"nm":"Transform","_render":true}],"nm":"Group 3","np":4,"cix":2,"bm":0,"ix":3,"mn":"ADBE Vector Group","hd":false,"_render":true}],"ip":0,"op":899.000036617021,"st":0,"bm":0,"completed":true}],"markers":[],"__complete":true}