{"v":"5.5.7","meta":{"g":"LottieFiles AE 0.1.20","a":"","k":"","d":"","tc":""},"fr":30,"ip":0,"op":58,"w":1920,"h":1080,"nm":"IN_ARTWORK 29","ddd":0,"assets":[],"layers":[{"ddd":0,"ind":1,"ty":4,"nm":"Group 1 :M","parent":3,"sr":1,"ks":{"o":{"a":0,"k":100,"ix":11},"r":{"a":0,"k":0,"ix":10},"p":{"a":0,"k":[618.976,250.056,0],"ix":2},"a":{"a":0,"k":[1238.07,630.033,0],"ix":1},"s":{"a":0,"k":[102.956,102.956,100],"ix":6}},"ao":0,"shapes":[{"ty":"gr","it":[{"ty":"gr","it":[{"ind":0,"ty":"sh","ix":1,"ks":{"a":0,"k":{"i":[[-13.870000000000001,14.297],[-14.192,14.253],[-14.429,13.754],[13.692,-14.139],[14.114,-14.296999999999999],[14.429,-13.715],[-13.691,14.177]],"o":[[-14.089,14.297],[-14.430000000000001,14.014],[-14.269,13.594],[13.853,-14.296999999999999],[14.430000000000001,-13.976999999999999],[14.269,-13.557],[-13.767000000000001,14.253]],"v":[[-13.98,14.297],[-14.271,14.174],[-14.269,13.594],[13.692,-14.139],[14.271,-14.139],[14.269,-13.557],[-13.691,14.177]],"c":true},"ix":2},"nm":"Path 1","mn":"ADBE Vector Shape - Group","hd":false},{"ty":"fl","c":{"a":0,"k":[0.6902,0.9098,0.9922,1],"ix":4},"o":{"a":0,"k":100,"ix":5},"r":1,"bm":0,"nm":"Fill 1","mn":"ADBE Vector Graphic - Fill","hd":false},{"ty":"tr","p":{"a":0,"k":[617.813,256.42],"ix":2},"a":{"a":0,"k":[0,0],"ix":1},"s":{"a":0,"k":[100,100],"ix":3},"r":{"a":0,"k":0,"ix":6},"o":{"a":0,"k":100,"ix":7},"sk":{"a":0,"k":0,"ix":4},"sa":{"a":0,"k":0,"ix":5},"nm":"Transform"}],"nm":"Group 1","np":2,"cix":2,"bm":0,"ix":1,"mn":"ADBE Vector Group","hd":false},{"ty":"tr","p":{"a":0,"k":[1236.813,636.439],"ix":2},"a":{"a":0,"k":[617.813,256.439],"ix":1},"s":{"a":0,"k":[100,100],"ix":3},"r":{"a":0,"k":0,"ix":6},"o":{"a":0,"k":100,"ix":7},"sk":{"a":0,"k":0,"ix":4},"sa":{"a":0,"k":0,"ix":5},"nm":"Transform"}],"nm":"Group 1","np":1,"cix":2,"bm":0,"ix":1,"mn":"ADBE Vector Group","hd":false},{"ty":"gr","it":[{"ty":"gr","it":[{"ind":0,"ty":"sh","ix":1,"ks":{"a":0,"k":{"i":[[-11.313,11.39],[-11.681000000000001,11.341999999999999],[-11.905,11.053999999999998],[-11.855,10.689],[11.104,-11.219],[11.585,-11.39],[11.905,-11.011999999999999],[11.853,-10.645999999999999],[-11.106,11.261]],"o":[[-11.562000000000001,11.39],[-11.855,11.17],[-11.905,10.805],[-11.763,10.6],[11.286999999999999,-11.389999999999999],[11.855,-11.128],[11.904,-10.761999999999999],[11.763,-10.558],[-11.195,11.344]],"v":[[-11.435,11.39],[-11.768,11.254],[-11.905,10.931],[-11.763,10.6],[11.104,-11.219],[11.765,-11.214],[11.904,-10.886],[11.763,-10.558],[-11.106,11.261]],"c":true},"ix":2},"nm":"Path 1","mn":"ADBE Vector Shape - Group","hd":false},{"ty":"fl","c":{"a":0,"k":[0.6902,0.9098,0.9922,1],"ix":4},"o":{"a":0,"k":100,"ix":5},"r":1,"bm":0,"nm":"Fill 1","mn":"ADBE Vector Graphic - Fill","hd":false},{"ty":"tr","p":{"a":0,"k":[621.565,240.696],"ix":2},"a":{"a":0,"k":[0,0],"ix":1},"s":{"a":0,"k":[100,100],"ix":3},"r":{"a":0,"k":0,"ix":6},"o":{"a":0,"k":100,"ix":7},"sk":{"a":0,"k":0,"ix":4},"sa":{"a":0,"k":0,"ix":5},"nm":"Transform"}],"nm":"Group 2","np":2,"cix":2,"bm":0,"ix":1,"mn":"ADBE Vector Group","hd":false},{"ty":"tr","p":{"a":0,"k":[1240.564,620.718],"ix":2},"a":{"a":0,"k":[621.564,240.718],"ix":1},"s":{"a":0,"k":[100,100],"ix":3},"r":{"a":0,"k":0,"ix":6},"o":{"a":0,"k":100,"ix":7},"sk":{"a":0,"k":0,"ix":4},"sa":{"a":0,"k":0,"ix":5},"nm":"Transform"}],"nm":"Group 2","np":1,"cix":2,"bm":0,"ix":2,"mn":"ADBE Vector Group","hd":false},{"ty":"gr","it":[{"ty":"gr","it":[{"ind":0,"ty":"sh","ix":1,"ks":{"a":0,"k":{"i":[[-7.139,7.093],[-7.414000000000001,7.058000000000001],[-7.587000000000001,6.838],[-7.5440000000000005,6.564],[6.987,-6.963],[7.343,-7.088],[7.587000000000001,-6.805],[7.545,-6.532],[-6.987,6.995]],"o":[[-7.3260000000000005,7.093],[-7.547000000000001,6.928],[-7.585,6.652],[-7.474,6.502],[7.13,-7.093],[7.549,-6.896],[7.586,-6.62],[7.477,-6.467],[-7.051,7.058]],"v":[[-7.232,7.093],[-7.48,6.993],[-7.586,6.745],[-7.474,6.502],[6.987,-6.963],[7.48,-6.961],[7.586,-6.712],[7.477,-6.467],[-6.987,6.995]],"c":true},"ix":2},"nm":"Path 1","mn":"ADBE Vector Shape - Group","hd":false},{"ty":"fl","c":{"a":0,"k":[0.6902,0.9098,0.9922,1],"ix":4},"o":{"a":0,"k":100,"ix":5},"r":1,"bm":0,"nm":"Fill 1","mn":"ADBE Vector Graphic - Fill","hd":false},{"ty":"tr","p":{"a":0,"k":[627.132,257.551],"ix":2},"a":{"a":0,"k":[0,0],"ix":1},"s":{"a":0,"k":[100,100],"ix":3},"r":{"a":0,"k":0,"ix":6},"o":{"a":0,"k":100,"ix":7},"sk":{"a":0,"k":0,"ix":4},"sa":{"a":0,"k":0,"ix":5},"nm":"Transform"}],"nm":"Group 3","np":2,"cix":2,"bm":0,"ix":1,"mn":"ADBE Vector Group","hd":false},{"ty":"tr","p":{"a":0,"k":[1246.132,637.569],"ix":2},"a":{"a":0,"k":[627.132,257.569],"ix":1},"s":{"a":0,"k":[100,100],"ix":3},"r":{"a":0,"k":0,"ix":6},"o":{"a":0,"k":100,"ix":7},"sk":{"a":0,"k":0,"ix":4},"sa":{"a":0,"k":0,"ix":5},"nm":"Transform"}],"nm":"Group 3","np":1,"cix":2,"bm":0,"ix":3,"mn":"ADBE Vector Group","hd":false},{"ty":"tm","s":{"a":1,"k":[{"i":{"x":[0.833],"y":[1]},"o":{"x":[0.167],"y":[0]},"t":26,"s":[0]},{"i":{"x":[0.833],"y":[1]},"o":{"x":[0.333],"y":[0]},"t":33,"s":[0]},{"t":40,"s":[100]}],"ix":1},"e":{"a":1,"k":[{"i":{"x":[0.833],"y":[1]},"o":{"x":[0.167],"y":[0]},"t":26,"s":[1]},{"t":40,"s":[100]}],"ix":2},"o":{"a":0,"k":0,"ix":3},"m":1,"ix":4,"nm":"Trim Paths 1","mn":"ADBE Vector Filter - Trim","hd":false}],"ip":26,"op":1805,"st":6,"bm":0,"completed":true},{"ddd":0,"ind":2,"ty":4,"nm":"Group 6","sr":1,"ks":{"o":{"a":0,"k":100,"ix":11},"r":{"a":0,"k":0,"ix":10},"p":{"a":0,"k":[1228.305,629.116,0],"ix":2},"a":{"a":0,"k":[609.305,249.116,0],"ix":1},"s":{"a":0,"k":[100,100,100],"ix":6}},"ao":0,"shapes":[{"ty":"gr","it":[{"ind":0,"ty":"sh","ix":1,"ks":{"a":0,"k":{"i":[[45.864,31.667],[-45.864,31.667],[-45.864,-31.667],[45.864,-31.667]],"o":[[45.864,31.667],[-45.864,31.667],[-45.864,-31.667],[45.864,-31.667]],"v":[[45.864,31.667],[-45.864,31.667],[-45.864,-31.667],[45.864,-31.667]],"c":true},"ix":2},"nm":"Path 1","mn":"ADBE Vector Shape - Group","hd":false},{"ty":"st","c":{"a":0,"k":[0.851,0.8784,0.902,1],"ix":3},"o":{"a":0,"k":100,"ix":4},"w":{"a":0,"k":1,"ix":5},"lc":1,"lj":1,"ml":10,"bm":0,"nm":"Stroke 1","mn":"ADBE Vector Graphic - Stroke","hd":false},{"ty":"tr","p":{"a":0,"k":[609.305,249.116],"ix":2},"a":{"a":0,"k":[0,0],"ix":1},"s":{"a":0,"k":[100,100],"ix":3},"r":{"a":0,"k":0,"ix":6},"o":{"a":0,"k":100,"ix":7},"sk":{"a":0,"k":0,"ix":4},"sa":{"a":0,"k":0,"ix":5},"nm":"Transform"}],"nm":"Group 6","np":2,"cix":2,"bm":0,"ix":1,"mn":"ADBE Vector Group","hd":false},{"ty":"tm","s":{"a":1,"k":[{"i":{"x":[0.667],"y":[1]},"o":{"x":[0.333],"y":[0]},"t":18,"s":[100]},{"t":41,"s":[0]}],"ix":1},"e":{"a":0,"k":100,"ix":2},"o":{"a":0,"k":0,"ix":3},"m":1,"ix":2,"nm":"Trim Paths 1","mn":"ADBE Vector Filter - Trim","hd":false}],"ip":18,"op":1805,"st":6,"bm":0,"completed":true},{"ddd":0,"ind":3,"ty":4,"nm":"Group 18","sr":1,"ks":{"o":{"a":0,"k":100,"ix":11},"r":{"a":0,"k":0,"ix":10},"p":{"a":0,"k":[1241.252,629.261,0],"ix":2},"a":{"a":0,"k":[622.252,249.261,0],"ix":1},"s":{"a":1,"k":[{"i":{"x":[0.667,0.667,0.667],"y":[1,1,1]},"o":{"x":[0.167,0.167,0.167],"y":[0,0,0]},"t":22,"s":[0,0,100]},{"i":{"x":[0.667,0.667,0.667],"y":[1,1,1]},"o":{"x":[0.333,0.333,0.333],"y":[0,0,0]},"t":27,"s":[104,104,100]},{"i":{"x":[0.667,0.667,0.667],"y":[1,1,1]},"o":{"x":[0.333,0.333,0.333],"y":[0,0,0]},"t":31,"s":[97,97,100]},{"t":39,"s":[100,100,100]}],"ix":6}},"ao":0,"shapes":[{"ty":"gr","it":[{"ind":0,"ty":"sh","ix":1,"ks":{"a":0,"k":{"i":[[30.144,-28.766],[-30.144,-28.766],[-30.144,28.766],[30.144,28.766]],"o":[[30.144,-28.766],[-30.144,-28.766],[-30.144,28.766],[30.144,28.766]],"v":[[30.144,-28.766],[-30.144,-28.766],[-30.144,28.766],[30.144,28.766]],"c":true},"ix":2},"nm":"Path 1","mn":"ADBE Vector Shape - Group","hd":false},{"ty":"fl","c":{"a":0,"k":[0.851,0.8784,0.902,1],"ix":4},"o":{"a":0,"k":100,"ix":5},"r":1,"bm":0,"nm":"Fill 1","mn":"ADBE Vector Graphic - Fill","hd":false},{"ty":"tr","p":{"a":0,"k":[622.252,249.261],"ix":2},"a":{"a":0,"k":[0,0],"ix":1},"s":{"a":0,"k":[100,100],"ix":3},"r":{"a":0,"k":0,"ix":6},"o":{"a":0,"k":100,"ix":7},"sk":{"a":0,"k":0,"ix":4},"sa":{"a":0,"k":0,"ix":5},"nm":"Transform"}],"nm":"Group 18","np":2,"cix":2,"bm":0,"ix":1,"mn":"ADBE Vector Group","hd":false}],"ip":22,"op":1805,"st":6,"bm":0,"completed":true},{"ddd":0,"ind":4,"ty":4,"nm":"Group 19","sr":1,"ks":{"o":{"a":0,"k":100,"ix":11},"r":{"a":0,"k":0,"ix":10},"p":{"a":0,"k":[1196.891,629.261,0],"ix":2},"a":{"a":0,"k":[577.891,249.261,0],"ix":1},"s":{"a":1,"k":[{"i":{"x":[0.667,0.667,0.667],"y":[1,1,1]},"o":{"x":[0.167,0.167,0.167],"y":[0,0,0]},"t":20,"s":[0,0,100]},{"i":{"x":[0.667,0.667,0.667],"y":[1,1,1]},"o":{"x":[0.333,0.333,0.333],"y":[0,0,0]},"t":25,"s":[104,104,100]},{"i":{"x":[0.667,0.667,0.667],"y":[1,1,1]},"o":{"x":[0.333,0.333,0.333],"y":[0,0,0]},"t":29,"s":[97,97,100]},{"t":37,"s":[100,100,100]}],"ix":6}},"ao":0,"shapes":[{"ty":"gr","it":[{"ind":0,"ty":"sh","ix":1,"ks":{"a":0,"k":{"i":[[11.635,-28.766],[-11.634,-28.766],[-11.634,28.766],[11.635,28.766]],"o":[[11.635,-28.766],[-11.634,-28.766],[-11.634,28.766],[11.635,28.766]],"v":[[11.635,-28.766],[-11.634,-28.766],[-11.634,28.766],[11.635,28.766]],"c":true},"ix":2},"nm":"Path 1","mn":"ADBE Vector Shape - Group","hd":false},{"ty":"fl","c":{"a":0,"k":[0.851,0.8784,0.902,1],"ix":4},"o":{"a":0,"k":100,"ix":5},"r":1,"bm":0,"nm":"Fill 1","mn":"ADBE Vector Graphic - Fill","hd":false},{"ty":"tr","p":{"a":0,"k":[577.891,249.261],"ix":2},"a":{"a":0,"k":[0,0],"ix":1},"s":{"a":0,"k":[100,100],"ix":3},"r":{"a":0,"k":0,"ix":6},"o":{"a":0,"k":100,"ix":7},"sk":{"a":0,"k":0,"ix":4},"sa":{"a":0,"k":0,"ix":5},"nm":"Transform"}],"nm":"Group 19","np":2,"cix":2,"bm":0,"ix":1,"mn":"ADBE Vector Group","hd":false}],"ip":20,"op":1805,"st":6,"bm":0,"completed":true},{"ddd":0,"ind":5,"ty":4,"nm":"Group 12","sr":1,"ks":{"o":{"a":0,"k":100,"ix":11},"r":{"a":0,"k":0,"ix":10},"p":{"a":0,"k":[1114.203,469.789,0],"ix":2},"a":{"a":0,"k":[495.203,89.789,0],"ix":1},"s":{"a":1,"k":[{"i":{"x":[0.667,0.667,0.667],"y":[1,1,1]},"o":{"x":[0.167,0.167,0.167],"y":[0,0,0]},"t":22,"s":[0,0,100]},{"i":{"x":[0.667,0.667,0.667],"y":[1,1,1]},"o":{"x":[0.333,0.333,0.333],"y":[0,0,0]},"t":27,"s":[104,104,100]},{"i":{"x":[0.667,0.667,0.667],"y":[1,1,1]},"o":{"x":[0.333,0.333,0.333],"y":[0,0,0]},"t":31,"s":[97,97,100]},{"t":39,"s":[100,100,100]}],"ix":6}},"ao":0,"shapes":[{"ty":"gr","it":[{"ind":0,"ty":"sh","ix":1,"ks":{"a":0,"k":{"i":[[11.674,11.674],[-11.674,11.674],[-11.674,-11.674],[11.674,-11.674]],"o":[[11.674,11.674],[-11.674,11.674],[-11.674,-11.674],[11.674,-11.674]],"v":[[11.674,11.674],[-11.674,11.674],[-11.674,-11.674],[11.674,-11.674]],"c":true},"ix":2},"nm":"Path 1","mn":"ADBE Vector Shape - Group","hd":false},{"ty":"fl","c":{"a":0,"k":[0.6902,0.9098,0.9922,1],"ix":4},"o":{"a":0,"k":100,"ix":5},"r":1,"bm":0,"nm":"Fill 1","mn":"ADBE Vector Graphic - Fill","hd":false},{"ty":"tr","p":{"a":0,"k":[495.203,89.789],"ix":2},"a":{"a":0,"k":[0,0],"ix":1},"s":{"a":0,"k":[100,100],"ix":3},"r":{"a":0,"k":0,"ix":6},"o":{"a":0,"k":100,"ix":7},"sk":{"a":0,"k":0,"ix":4},"sa":{"a":0,"k":0,"ix":5},"nm":"Transform"}],"nm":"Group 12","np":2,"cix":2,"bm":0,"ix":1,"mn":"ADBE Vector Group","hd":false}],"ip":22,"op":1799,"st":0,"bm":0,"completed":true},{"ddd":0,"ind":6,"ty":4,"nm":"Group 13","parent":5,"sr":1,"ks":{"o":{"a":0,"k":100,"ix":11},"r":{"a":0,"k":0,"ix":10},"p":{"a":0,"k":[495.058,89.356,0],"ix":2},"a":{"a":0,"k":[495.058,89.356,0],"ix":1},"s":{"a":0,"k":[100,100,100],"ix":6}},"ao":0,"shapes":[{"ty":"gr","it":[{"ind":0,"ty":"sh","ix":1,"ks":{"a":0,"k":{"i":[[15.566,15.566],[-15.565,15.566],[-15.565,-15.566],[15.566,-15.566]],"o":[[15.566,15.566],[-15.565,15.566],[-15.565,-15.566],[15.566,-15.566]],"v":[[15.566,15.566],[-15.565,15.566],[-15.565,-15.566],[15.566,-15.566]],"c":true},"ix":2},"nm":"Path 1","mn":"ADBE Vector Shape - Group","hd":false},{"ty":"st","c":{"a":0,"k":[0.851,0.8784,0.902,1],"ix":3},"o":{"a":0,"k":100,"ix":4},"w":{"a":0,"k":1,"ix":5},"lc":1,"lj":1,"ml":10,"bm":0,"nm":"Stroke 1","mn":"ADBE Vector Graphic - Stroke","hd":false},{"ty":"tr","p":{"a":0,"k":[495.058,89.356],"ix":2},"a":{"a":0,"k":[0,0],"ix":1},"s":{"a":0,"k":[100,100],"ix":3},"r":{"a":0,"k":0,"ix":6},"o":{"a":0,"k":100,"ix":7},"sk":{"a":0,"k":0,"ix":4},"sa":{"a":0,"k":0,"ix":5},"nm":"Transform"}],"nm":"Group 13","np":2,"cix":2,"bm":0,"ix":1,"mn":"ADBE Vector Group","hd":false},{"ty":"tm","s":{"a":0,"k":100,"ix":1},"e":{"a":1,"k":[{"i":{"x":[0.667],"y":[1]},"o":{"x":[0.333],"y":[0]},"t":28,"s":[100]},{"t":36,"s":[1]}],"ix":2},"o":{"a":0,"k":0,"ix":3},"m":1,"ix":2,"nm":"Trim Paths 1","mn":"ADBE Vector Filter - Trim","hd":false}],"ip":28,"op":1799,"st":0,"bm":0,"completed":true},{"ddd":0,"ind":7,"ty":4,"nm":"Group 14","sr":1,"ks":{"o":{"a":0,"k":100,"ix":11},"r":{"a":0,"k":0,"ix":10},"p":{"a":0,"k":[1059.436,470.221,0],"ix":2},"a":{"a":0,"k":[440.436,90.221,0],"ix":1},"s":{"a":1,"k":[{"i":{"x":[0.667,0.667,0.667],"y":[1,1,1]},"o":{"x":[0.167,0.167,0.167],"y":[0,0,0]},"t":18,"s":[0,0,100]},{"i":{"x":[0.667,0.667,0.667],"y":[1,1,1]},"o":{"x":[0.333,0.333,0.333],"y":[0,0,0]},"t":23,"s":[104,104,100]},{"i":{"x":[0.667,0.667,0.667],"y":[1,1,1]},"o":{"x":[0.333,0.333,0.333],"y":[0,0,0]},"t":27,"s":[97,97,100]},{"t":35,"s":[100,100,100]}],"ix":6}},"ao":0,"shapes":[{"ty":"gr","it":[{"ind":0,"ty":"sh","ix":1,"ks":{"a":0,"k":{"i":[[11.674,11.674],[-11.674,11.674],[-11.674,-11.674],[11.674,-11.674]],"o":[[11.674,11.674],[-11.674,11.674],[-11.674,-11.674],[11.674,-11.674]],"v":[[11.674,11.674],[-11.674,11.674],[-11.674,-11.674],[11.674,-11.674]],"c":true},"ix":2},"nm":"Path 1","mn":"ADBE Vector Shape - Group","hd":false},{"ty":"fl","c":{"a":0,"k":[0.6902,0.9098,0.9922,1],"ix":4},"o":{"a":0,"k":100,"ix":5},"r":1,"bm":0,"nm":"Fill 1","mn":"ADBE Vector Graphic - Fill","hd":false},{"ty":"tr","p":{"a":0,"k":[440.436,90.221],"ix":2},"a":{"a":0,"k":[0,0],"ix":1},"s":{"a":0,"k":[100,100],"ix":3},"r":{"a":0,"k":0,"ix":6},"o":{"a":0,"k":100,"ix":7},"sk":{"a":0,"k":0,"ix":4},"sa":{"a":0,"k":0,"ix":5},"nm":"Transform"}],"nm":"Group 14","np":2,"cix":2,"bm":0,"ix":1,"mn":"ADBE Vector Group","hd":false}],"ip":18,"op":1797,"st":-2,"bm":0,"completed":true},{"ddd":0,"ind":8,"ty":4,"nm":"Group 15","parent":7,"sr":1,"ks":{"o":{"a":0,"k":100,"ix":11},"r":{"a":0,"k":0,"ix":10},"p":{"a":0,"k":[440.292,89.788,0],"ix":2},"a":{"a":0,"k":[440.292,89.788,0],"ix":1},"s":{"a":0,"k":[100,100,100],"ix":6}},"ao":0,"shapes":[{"ty":"gr","it":[{"ind":0,"ty":"sh","ix":1,"ks":{"a":0,"k":{"i":[[15.565,15.566],[-15.566,15.566],[-15.566,-15.566],[15.565,-15.566]],"o":[[15.565,15.566],[-15.566,15.566],[-15.566,-15.566],[15.565,-15.566]],"v":[[15.565,15.566],[-15.566,15.566],[-15.566,-15.566],[15.565,-15.566]],"c":true},"ix":2},"nm":"Path 1","mn":"ADBE Vector Shape - Group","hd":false},{"ty":"st","c":{"a":0,"k":[0.851,0.8784,0.902,1],"ix":3},"o":{"a":0,"k":100,"ix":4},"w":{"a":0,"k":1,"ix":5},"lc":1,"lj":1,"ml":10,"bm":0,"nm":"Stroke 1","mn":"ADBE Vector Graphic - Stroke","hd":false},{"ty":"tr","p":{"a":0,"k":[440.292,89.788],"ix":2},"a":{"a":0,"k":[0,0],"ix":1},"s":{"a":0,"k":[100,100],"ix":3},"r":{"a":0,"k":0,"ix":6},"o":{"a":0,"k":100,"ix":7},"sk":{"a":0,"k":0,"ix":4},"sa":{"a":0,"k":0,"ix":5},"nm":"Transform"}],"nm":"Group 15","np":2,"cix":2,"bm":0,"ix":1,"mn":"ADBE Vector Group","hd":false},{"ty":"tm","s":{"a":0,"k":100,"ix":1},"e":{"a":1,"k":[{"i":{"x":[0.667],"y":[1]},"o":{"x":[0.333],"y":[0]},"t":22,"s":[100]},{"t":30,"s":[1]}],"ix":2},"o":{"a":0,"k":0,"ix":3},"m":1,"ix":2,"nm":"Trim Paths 1","mn":"ADBE Vector Filter - Trim","hd":false}],"ip":22,"op":1797,"st":-2,"bm":0,"completed":true},{"ddd":0,"ind":9,"ty":4,"nm":"Group 16","sr":1,"ks":{"o":{"a":0,"k":100,"ix":11},"r":{"a":0,"k":0,"ix":10},"p":{"a":0,"k":[1004.38,469.357,0],"ix":2},"a":{"a":0,"k":[385.38,89.357,0],"ix":1},"s":{"a":1,"k":[{"i":{"x":[0.667,0.667,0.667],"y":[1,1,1]},"o":{"x":[0.167,0.167,0.167],"y":[0,0,0]},"t":15,"s":[0,0,100]},{"i":{"x":[0.667,0.667,0.667],"y":[1,1,1]},"o":{"x":[0.333,0.333,0.333],"y":[0,0,0]},"t":20,"s":[104,104,100]},{"i":{"x":[0.667,0.667,0.667],"y":[1,1,1]},"o":{"x":[0.333,0.333,0.333],"y":[0,0,0]},"t":24,"s":[97,97,100]},{"t":32,"s":[100,100,100]}],"ix":6}},"ao":0,"shapes":[{"ty":"gr","it":[{"ind":0,"ty":"sh","ix":1,"ks":{"a":0,"k":{"i":[[11.674,11.674],[-11.674,11.674],[-11.674,-11.674],[11.674,-11.674]],"o":[[11.674,11.674],[-11.674,11.674],[-11.674,-11.674],[11.674,-11.674]],"v":[[11.674,11.674],[-11.674,11.674],[-11.674,-11.674],[11.674,-11.674]],"c":true},"ix":2},"nm":"Path 1","mn":"ADBE Vector Shape - Group","hd":false},{"ty":"fl","c":{"a":0,"k":[0.6902,0.9098,0.9922,1],"ix":4},"o":{"a":0,"k":100,"ix":5},"r":1,"bm":0,"nm":"Fill 1","mn":"ADBE Vector Graphic - Fill","hd":false},{"ty":"tr","p":{"a":0,"k":[385.38,89.357],"ix":2},"a":{"a":0,"k":[0,0],"ix":1},"s":{"a":0,"k":[100,100],"ix":3},"r":{"a":0,"k":0,"ix":6},"o":{"a":0,"k":100,"ix":7},"sk":{"a":0,"k":0,"ix":4},"sa":{"a":0,"k":0,"ix":5},"nm":"Transform"}],"nm":"Group 16","np":2,"cix":2,"bm":0,"ix":1,"mn":"ADBE Vector Group","hd":false}],"ip":15,"op":1796,"st":-3,"bm":0,"completed":true},{"ddd":0,"ind":10,"ty":4,"nm":"Group 17","parent":9,"sr":1,"ks":{"o":{"a":0,"k":100,"ix":11},"r":{"a":0,"k":0,"ix":10},"p":{"a":0,"k":[385.237,88.924,0],"ix":2},"a":{"a":0,"k":[385.237,88.924,0],"ix":1},"s":{"a":0,"k":[100,100,100],"ix":6}},"ao":0,"shapes":[{"ty":"gr","it":[{"ind":0,"ty":"sh","ix":1,"ks":{"a":0,"k":{"i":[[15.565,15.566],[-15.566,15.566],[-15.566,-15.566],[15.565,-15.566]],"o":[[15.565,15.566],[-15.566,15.566],[-15.566,-15.566],[15.565,-15.566]],"v":[[15.565,15.566],[-15.566,15.566],[-15.566,-15.566],[15.565,-15.566]],"c":true},"ix":2},"nm":"Path 1","mn":"ADBE Vector Shape - Group","hd":false},{"ty":"st","c":{"a":0,"k":[0.851,0.8784,0.902,1],"ix":3},"o":{"a":0,"k":100,"ix":4},"w":{"a":0,"k":1,"ix":5},"lc":1,"lj":1,"ml":10,"bm":0,"nm":"Stroke 1","mn":"ADBE Vector Graphic - Stroke","hd":false},{"ty":"tr","p":{"a":0,"k":[385.237,88.924],"ix":2},"a":{"a":0,"k":[0,0],"ix":1},"s":{"a":0,"k":[100,100],"ix":3},"r":{"a":0,"k":0,"ix":6},"o":{"a":0,"k":100,"ix":7},"sk":{"a":0,"k":0,"ix":4},"sa":{"a":0,"k":0,"ix":5},"nm":"Transform"}],"nm":"Group 17","np":2,"cix":2,"bm":0,"ix":1,"mn":"ADBE Vector Group","hd":false},{"ty":"tm","s":{"a":0,"k":100,"ix":1},"e":{"a":1,"k":[{"i":{"x":[0.667],"y":[1]},"o":{"x":[0.333],"y":[0]},"t":17,"s":[100]},{"t":25,"s":[1]}],"ix":2},"o":{"a":0,"k":0,"ix":3},"m":1,"ix":2,"nm":"Trim Paths 1","mn":"ADBE Vector Filter - Trim","hd":false}],"ip":17,"op":1796,"st":-3,"bm":0,"completed":true},{"ddd":0,"ind":11,"ty":4,"nm":"Group 20","parent":13,"sr":1,"ks":{"o":{"a":0,"k":100,"ix":11},"r":{"a":0,"k":0,"ix":10},"p":{"a":0,"k":[420.675,201.957,0],"ix":2},"a":{"a":0,"k":[420.675,201.957,0],"ix":1},"s":{"a":1,"k":[{"i":{"x":[0.667,0.667,0.667],"y":[1,1,1]},"o":{"x":[0.167,0.167,0.167],"y":[0,0,0]},"t":16,"s":[0,0,100]},{"i":{"x":[0.667,0.667,0.667],"y":[1,1,1]},"o":{"x":[0.333,0.333,0.333],"y":[0,0,0]},"t":21,"s":[104,104,100]},{"i":{"x":[0.667,0.667,0.667],"y":[1,1,1]},"o":{"x":[0.333,0.333,0.333],"y":[0,0,0]},"t":25,"s":[97,97,100]},{"t":33,"s":[100,100,100]}],"ix":6}},"ao":0,"shapes":[{"ty":"gr","it":[{"ind":0,"ty":"sh","ix":1,"ks":{"a":0,"k":{"i":[[49.204,1.547],[-49.203,1.547],[-49.203,-1.547],[49.204,-1.547]],"o":[[49.204,1.547],[-49.203,1.547],[-49.203,-1.547],[49.204,-1.547]],"v":[[49.204,1.547],[-49.203,1.547],[-49.203,-1.547],[49.204,-1.547]],"c":true},"ix":2},"nm":"Path 1","mn":"ADBE Vector Shape - Group","hd":false},{"ty":"fl","c":{"a":0,"k":[0.244,0.601,0.856,1],"ix":4},"o":{"a":0,"k":100,"ix":5},"r":1,"bm":0,"nm":"Fill 1","mn":"ADBE Vector Graphic - Fill","hd":false},{"ty":"tr","p":{"a":0,"k":[420.675,201.957],"ix":2},"a":{"a":0,"k":[0,0],"ix":1},"s":{"a":0,"k":[100,100],"ix":3},"r":{"a":0,"k":0,"ix":6},"o":{"a":0,"k":100,"ix":7},"sk":{"a":0,"k":0,"ix":4},"sa":{"a":0,"k":0,"ix":5},"nm":"Transform"}],"nm":"Group 20","np":2,"cix":2,"bm":0,"ix":1,"mn":"ADBE Vector Group","hd":false}],"ip":16,"op":1796,"st":-3,"bm":0,"completed":true},{"ddd":0,"ind":12,"ty":4,"nm":"Group 21","parent":13,"sr":1,"ks":{"o":{"a":0,"k":100,"ix":11},"r":{"a":0,"k":0,"ix":10},"p":{"a":0,"k":[420.429,183.971,0],"ix":2},"a":{"a":0,"k":[420.429,183.971,0],"ix":1},"s":{"a":1,"k":[{"i":{"x":[0.667,0.667,0.667],"y":[1,1,1]},"o":{"x":[0.167,0.167,0.167],"y":[0,0,0]},"t":15,"s":[0,0,100]},{"i":{"x":[0.667,0.667,0.667],"y":[1,1,1]},"o":{"x":[0.333,0.333,0.333],"y":[0,0,0]},"t":20,"s":[104,104,100]},{"i":{"x":[0.667,0.667,0.667],"y":[1,1,1]},"o":{"x":[0.333,0.333,0.333],"y":[0,0,0]},"t":24,"s":[97,97,100]},{"t":32,"s":[100,100,100]}],"ix":6}},"ao":0,"shapes":[{"ty":"gr","it":[{"ind":0,"ty":"sh","ix":1,"ks":{"a":0,"k":{"i":[[1.547,38.1],[-1.547,38.1],[-1.547,-38.1],[1.547,-38.1]],"o":[[1.547,38.1],[-1.547,38.1],[-1.547,-38.1],[1.547,-38.1]],"v":[[1.547,38.1],[-1.547,38.1],[-1.547,-38.1],[1.547,-38.1]],"c":true},"ix":2},"nm":"Path 1","mn":"ADBE Vector Shape - Group","hd":false},{"ty":"fl","c":{"a":0,"k":[0.244,0.601,0.856,1],"ix":4},"o":{"a":0,"k":100,"ix":5},"r":1,"bm":0,"nm":"Fill 1","mn":"ADBE Vector Graphic - Fill","hd":false},{"ty":"tr","p":{"a":0,"k":[420.429,183.971],"ix":2},"a":{"a":0,"k":[0,0],"ix":1},"s":{"a":0,"k":[100,100],"ix":3},"r":{"a":0,"k":0,"ix":6},"o":{"a":0,"k":100,"ix":7},"sk":{"a":0,"k":0,"ix":4},"sa":{"a":0,"k":0,"ix":5},"nm":"Transform"}],"nm":"Group 21","np":2,"cix":2,"bm":0,"ix":1,"mn":"ADBE Vector Group","hd":false}],"ip":15,"op":1796,"st":-3,"bm":0,"completed":true},{"ddd":0,"ind":13,"ty":4,"nm":"Group 22","sr":1,"ks":{"o":{"a":0,"k":100,"ix":11},"r":{"a":0,"k":0,"ix":10},"p":{"a":1,"k":[{"i":{"x":0.667,"y":1},"o":{"x":0.333,"y":0},"t":14,"s":[1040.156,564.343,0],"to":[0,-1.667,0],"ti":[0,-0.833,0]},{"i":{"x":0.667,"y":1},"o":{"x":0.333,"y":0},"t":17,"s":[1040.156,554.343,0],"to":[0,0.833,0],"ti":[0,-1.208,0]},{"i":{"x":0.667,"y":1},"o":{"x":0.333,"y":0},"t":21,"s":[1040.156,569.343,0],"to":[0,1.208,0],"ti":[0,0.833,0]},{"i":{"x":0.667,"y":1},"o":{"x":0.167,"y":0},"t":27,"s":[1040.156,561.593,0],"to":[0,-0.833,0],"ti":[0,-0.458,0]},{"t":35,"s":[1040.156,564.343,0]}],"ix":2},"a":{"a":0,"k":[421.156,184.343,0],"ix":1},"s":{"a":1,"k":[{"i":{"x":[0.667,0.667,0.667],"y":[1,1,1]},"o":{"x":[0.167,0.167,0.167],"y":[0,0,0]},"t":14,"s":[0,0,100]},{"i":{"x":[0.667,0.667,0.667],"y":[1,1,1]},"o":{"x":[0.333,0.333,0.333],"y":[0,0,0]},"t":19,"s":[104,104,100]},{"i":{"x":[0.667,0.667,0.667],"y":[1,1,1]},"o":{"x":[0.333,0.333,0.333],"y":[0,0,0]},"t":23,"s":[97,97,100]},{"i":{"x":[0.833,0.833,0.833],"y":[1,1,1]},"o":{"x":[0.167,0.167,0.167],"y":[0,0,0]},"t":29,"s":[102.15,102.15,100]},{"t":36,"s":[100,100,100]}],"ix":6}},"ao":0,"shapes":[{"ty":"gr","it":[{"ind":0,"ty":"sh","ix":1,"ks":{"a":0,"k":{"i":[[45.883,34.887],[-45.884,34.887],[-45.884,-34.887],[45.883,-34.887]],"o":[[45.883,34.887],[-45.884,34.887],[-45.884,-34.887],[45.883,-34.887]],"v":[[45.883,34.887],[-45.884,34.887],[-45.884,-34.887],[45.883,-34.887]],"c":true},"ix":2},"nm":"Path 1","mn":"ADBE Vector Shape - Group","hd":false},{"ty":"fl","c":{"a":0,"k":[0.6902,0.9098,0.9922,1],"ix":4},"o":{"a":0,"k":100,"ix":5},"r":1,"bm":0,"nm":"Fill 1","mn":"ADBE Vector Graphic - Fill","hd":false},{"ty":"tr","p":{"a":0,"k":[421.156,184.343],"ix":2},"a":{"a":0,"k":[0,0],"ix":1},"s":{"a":0,"k":[100,100],"ix":3},"r":{"a":0,"k":0,"ix":6},"o":{"a":0,"k":100,"ix":7},"sk":{"a":0,"k":0,"ix":4},"sa":{"a":0,"k":0,"ix":5},"nm":"Transform"}],"nm":"Group 22","np":2,"cix":2,"bm":0,"ix":1,"mn":"ADBE Vector Group","hd":false}],"ip":14,"op":1796,"st":-3,"bm":0,"completed":true},{"ddd":0,"ind":14,"ty":4,"nm":"Group 23","parent":13,"sr":1,"ks":{"o":{"a":0,"k":100,"ix":11},"r":{"a":0,"k":0,"ix":10},"p":{"a":0,"k":[421.248,184.19,0],"ix":2},"a":{"a":0,"k":[421.248,184.19,0],"ix":1},"s":{"a":0,"k":[100,100,100],"ix":6}},"ao":0,"shapes":[{"ty":"gr","it":[{"ind":0,"ty":"sh","ix":1,"ks":{"a":0,"k":{"i":[[51.669,40.21],[-51.668,40.21],[-51.668,-40.211],[51.669,-40.211]],"o":[[51.669,40.21],[-51.668,40.21],[-51.668,-40.211],[51.669,-40.211]],"v":[[51.669,40.21],[-51.668,40.21],[-51.668,-40.211],[51.669,-40.211]],"c":true},"ix":2},"nm":"Path 1","mn":"ADBE Vector Shape - Group","hd":false},{"ty":"st","c":{"a":0,"k":[0.851,0.8784,0.902,1],"ix":3},"o":{"a":0,"k":100,"ix":4},"w":{"a":0,"k":1,"ix":5},"lc":1,"lj":1,"ml":10,"bm":0,"nm":"Stroke 1","mn":"ADBE Vector Graphic - Stroke","hd":false},{"ty":"tr","p":{"a":0,"k":[421.248,184.19],"ix":2},"a":{"a":0,"k":[0,0],"ix":1},"s":{"a":0,"k":[100,100],"ix":3},"r":{"a":0,"k":0,"ix":6},"o":{"a":0,"k":100,"ix":7},"sk":{"a":0,"k":0,"ix":4},"sa":{"a":0,"k":0,"ix":5},"nm":"Transform"}],"nm":"Group 23","np":2,"cix":2,"bm":0,"ix":1,"mn":"ADBE Vector Group","hd":false},{"ty":"tm","s":{"a":1,"k":[{"i":{"x":[0.667],"y":[1]},"o":{"x":[0.333],"y":[0]},"t":15,"s":[100]},{"t":38,"s":[0]}],"ix":1},"e":{"a":0,"k":100,"ix":2},"o":{"a":0,"k":0,"ix":3},"m":1,"ix":2,"nm":"Trim Paths 1","mn":"ADBE Vector Filter - Trim","hd":false}],"ip":15,"op":1796,"st":-3,"bm":0,"completed":true},{"ddd":0,"ind":15,"ty":4,"nm":"Group 24","parent":17,"sr":1,"ks":{"o":{"a":0,"k":100,"ix":11},"r":{"a":0,"k":0,"ix":10},"p":{"a":0,"k":[145.346,109.86,0],"ix":2},"a":{"a":0,"k":[145.346,109.86,0],"ix":1},"s":{"a":1,"k":[{"i":{"x":[0.667,0.667,0.667],"y":[1,1,1]},"o":{"x":[0.167,0.167,0.167],"y":[0,0,0]},"t":21,"s":[0,0,100]},{"i":{"x":[0.667,0.667,0.667],"y":[1,1,1]},"o":{"x":[0.333,0.333,0.333],"y":[0,0,0]},"t":26,"s":[104,104,100]},{"i":{"x":[0.667,0.667,0.667],"y":[1,1,1]},"o":{"x":[0.333,0.333,0.333],"y":[0,0,0]},"t":30,"s":[97,97,100]},{"t":38,"s":[100,100,100]}],"ix":6}},"ao":0,"shapes":[{"ty":"gr","it":[{"ind":0,"ty":"sh","ix":1,"ks":{"a":0,"k":{"i":[[49.203,1.548],[-49.203,1.548],[-49.203,-1.548],[49.203,-1.548]],"o":[[49.203,1.548],[-49.203,1.548],[-49.203,-1.548],[49.203,-1.548]],"v":[[49.203,1.548],[-49.203,1.548],[-49.203,-1.548],[49.203,-1.548]],"c":true},"ix":2},"nm":"Path 1","mn":"ADBE Vector Shape - Group","hd":false},{"ty":"fl","c":{"a":0,"k":[0.244,0.601,0.856,1],"ix":4},"o":{"a":0,"k":100,"ix":5},"r":1,"bm":0,"nm":"Fill 1","mn":"ADBE Vector Graphic - Fill","hd":false},{"ty":"tr","p":{"a":0,"k":[145.346,109.86],"ix":2},"a":{"a":0,"k":[0,0],"ix":1},"s":{"a":0,"k":[100,100],"ix":3},"r":{"a":0,"k":0,"ix":6},"o":{"a":0,"k":100,"ix":7},"sk":{"a":0,"k":0,"ix":4},"sa":{"a":0,"k":0,"ix":5},"nm":"Transform"}],"nm":"Group 24","np":2,"cix":2,"bm":0,"ix":1,"mn":"ADBE Vector Group","hd":false}],"ip":21,"op":1804,"st":5,"bm":0,"completed":true},{"ddd":0,"ind":16,"ty":4,"nm":"Group 25","parent":17,"sr":1,"ks":{"o":{"a":0,"k":100,"ix":11},"r":{"a":0,"k":0,"ix":10},"p":{"a":0,"k":[145.098,91.876,0],"ix":2},"a":{"a":0,"k":[145.098,91.876,0],"ix":1},"s":{"a":1,"k":[{"i":{"x":[0.667,0.667,0.667],"y":[1,1,1]},"o":{"x":[0.167,0.167,0.167],"y":[0,0,0]},"t":22,"s":[0,0,100]},{"i":{"x":[0.667,0.667,0.667],"y":[1,1,1]},"o":{"x":[0.333,0.333,0.333],"y":[0,0,0]},"t":27,"s":[104,104,100]},{"i":{"x":[0.667,0.667,0.667],"y":[1,1,1]},"o":{"x":[0.333,0.333,0.333],"y":[0,0,0]},"t":31,"s":[97,97,100]},{"t":39,"s":[100,100,100]}],"ix":6}},"ao":0,"shapes":[{"ty":"gr","it":[{"ind":0,"ty":"sh","ix":1,"ks":{"a":0,"k":{"i":[[1.548,38.1],[-1.548,38.1],[-1.548,-38.1],[1.548,-38.1]],"o":[[1.548,38.1],[-1.548,38.1],[-1.548,-38.1],[1.548,-38.1]],"v":[[1.548,38.1],[-1.548,38.1],[-1.548,-38.1],[1.548,-38.1]],"c":true},"ix":2},"nm":"Path 1","mn":"ADBE Vector Shape - Group","hd":false},{"ty":"fl","c":{"a":0,"k":[0.244,0.601,0.856,1],"ix":4},"o":{"a":0,"k":100,"ix":5},"r":1,"bm":0,"nm":"Fill 1","mn":"ADBE Vector Graphic - Fill","hd":false},{"ty":"tr","p":{"a":0,"k":[145.098,91.876],"ix":2},"a":{"a":0,"k":[0,0],"ix":1},"s":{"a":0,"k":[100,100],"ix":3},"r":{"a":0,"k":0,"ix":6},"o":{"a":0,"k":100,"ix":7},"sk":{"a":0,"k":0,"ix":4},"sa":{"a":0,"k":0,"ix":5},"nm":"Transform"}],"nm":"Group 25","np":2,"cix":2,"bm":0,"ix":1,"mn":"ADBE Vector Group","hd":false}],"ip":22,"op":1804,"st":5,"bm":0,"completed":true},{"ddd":0,"ind":17,"ty":4,"nm":"Group 26","sr":1,"ks":{"o":{"a":0,"k":100,"ix":11},"r":{"a":0,"k":0,"ix":10},"p":{"a":1,"k":[{"i":{"x":0.667,"y":1},"o":{"x":0.333,"y":0},"t":20,"s":[764.826,472.248,0],"to":[0,-1.667,0],"ti":[0,-0.833,0]},{"i":{"x":0.667,"y":1},"o":{"x":0.333,"y":0},"t":23,"s":[764.826,462.248,0],"to":[0,0.833,0],"ti":[0,-1.667,0]},{"i":{"x":0.667,"y":1},"o":{"x":0.333,"y":0},"t":27,"s":[764.826,477.248,0],"to":[0,1.667,0],"ti":[0,0.833,0]},{"t":35,"s":[764.826,472.248,0]}],"ix":2},"a":{"a":0,"k":[145.826,92.248,0],"ix":1},"s":{"a":1,"k":[{"i":{"x":[0.667,0.667,0.667],"y":[1,1,1]},"o":{"x":[0.167,0.167,0.167],"y":[0,0,0]},"t":20,"s":[0,0,100]},{"i":{"x":[0.667,0.667,0.667],"y":[1,1,1]},"o":{"x":[0.333,0.333,0.333],"y":[0,0,0]},"t":25,"s":[104,104,100]},{"i":{"x":[0.667,0.667,0.667],"y":[1,1,1]},"o":{"x":[0.333,0.333,0.333],"y":[0,0,0]},"t":29,"s":[97,97,100]},{"t":37,"s":[100,100,100]}],"ix":6}},"ao":0,"shapes":[{"ty":"gr","it":[{"ind":0,"ty":"sh","ix":1,"ks":{"a":0,"k":{"i":[[45.883,34.887],[-45.883,34.887],[-45.883,-34.887],[45.883,-34.887]],"o":[[45.883,34.887],[-45.883,34.887],[-45.883,-34.887],[45.883,-34.887]],"v":[[45.883,34.887],[-45.883,34.887],[-45.883,-34.887],[45.883,-34.887]],"c":true},"ix":2},"nm":"Path 1","mn":"ADBE Vector Shape - Group","hd":false},{"ty":"fl","c":{"a":0,"k":[0.6902,0.9098,0.9922,1],"ix":4},"o":{"a":0,"k":100,"ix":5},"r":1,"bm":0,"nm":"Fill 1","mn":"ADBE Vector Graphic - Fill","hd":false},{"ty":"tr","p":{"a":0,"k":[145.826,92.248],"ix":2},"a":{"a":0,"k":[0,0],"ix":1},"s":{"a":0,"k":[100,100],"ix":3},"r":{"a":0,"k":0,"ix":6},"o":{"a":0,"k":100,"ix":7},"sk":{"a":0,"k":0,"ix":4},"sa":{"a":0,"k":0,"ix":5},"nm":"Transform"}],"nm":"Group 26","np":2,"cix":2,"bm":0,"ix":1,"mn":"ADBE Vector Group","hd":false}],"ip":20,"op":1804,"st":5,"bm":0,"completed":true},{"ddd":0,"ind":18,"ty":4,"nm":"Group 27","parent":17,"sr":1,"ks":{"o":{"a":0,"k":100,"ix":11},"r":{"a":0,"k":0,"ix":10},"p":{"a":0,"k":[145.917,92.094,0],"ix":2},"a":{"a":0,"k":[145.917,92.094,0],"ix":1},"s":{"a":0,"k":[100,100,100],"ix":6}},"ao":0,"shapes":[{"ty":"gr","it":[{"ind":0,"ty":"sh","ix":1,"ks":{"a":0,"k":{"i":[[51.669,40.21],[-51.669,40.21],[-51.669,-40.21],[51.669,-40.21]],"o":[[51.669,40.21],[-51.669,40.21],[-51.669,-40.21],[51.669,-40.21]],"v":[[51.669,40.21],[-51.669,40.21],[-51.669,-40.21],[51.669,-40.21]],"c":true},"ix":2},"nm":"Path 1","mn":"ADBE Vector Shape - Group","hd":false},{"ty":"st","c":{"a":0,"k":[0.851,0.8784,0.902,1],"ix":3},"o":{"a":0,"k":100,"ix":4},"w":{"a":0,"k":1,"ix":5},"lc":1,"lj":1,"ml":10,"bm":0,"nm":"Stroke 1","mn":"ADBE Vector Graphic - Stroke","hd":false},{"ty":"tr","p":{"a":0,"k":[145.917,92.094],"ix":2},"a":{"a":0,"k":[0,0],"ix":1},"s":{"a":0,"k":[100,100],"ix":3},"r":{"a":0,"k":0,"ix":6},"o":{"a":0,"k":100,"ix":7},"sk":{"a":0,"k":0,"ix":4},"sa":{"a":0,"k":0,"ix":5},"nm":"Transform"}],"nm":"Group 27","np":2,"cix":2,"bm":0,"ix":1,"mn":"ADBE Vector Group","hd":false},{"ty":"tm","s":{"a":1,"k":[{"i":{"x":[0.667],"y":[1]},"o":{"x":[0.333],"y":[0]},"t":22,"s":[100]},{"t":45,"s":[0]}],"ix":1},"e":{"a":0,"k":100,"ix":2},"o":{"a":0,"k":0,"ix":3},"m":1,"ix":2,"nm":"Trim Paths 1","mn":"ADBE Vector Filter - Trim","hd":false}],"ip":22,"op":1802,"st":3,"bm":0,"completed":true},{"ddd":0,"ind":19,"ty":4,"nm":"Group 9","sr":1,"ks":{"o":{"a":0,"k":100,"ix":11},"r":{"a":0,"k":0,"ix":10},"p":{"a":0,"k":[779.709,618.774,0],"ix":2},"a":{"a":0,"k":[160.709,238.774,0],"ix":1},"s":{"a":1,"k":[{"i":{"x":[0.667,0.667,0.667],"y":[1,1,1]},"o":{"x":[0.167,0.167,0.167],"y":[0,0,0]},"t":19,"s":[0,0,100]},{"i":{"x":[0.667,0.667,0.667],"y":[1,1,1]},"o":{"x":[0.333,0.333,0.333],"y":[0,0,0]},"t":24,"s":[104,104,100]},{"i":{"x":[0.667,0.667,0.667],"y":[1,1,1]},"o":{"x":[0.333,0.333,0.333],"y":[0,0,0]},"t":28,"s":[97,97,100]},{"t":36,"s":[100,100,100]}],"ix":6}},"ao":0,"shapes":[{"ty":"gr","it":[{"ind":0,"ty":"sh","ix":1,"ks":{"a":0,"k":{"i":[[35.023,1.367],[-35.023,1.367],[-35.023,-1.367],[35.023,-1.367]],"o":[[35.023,1.367],[-35.023,1.367],[-35.023,-1.367],[35.023,-1.367]],"v":[[35.023,1.367],[-35.023,1.367],[-35.023,-1.367],[35.023,-1.367]],"c":true},"ix":2},"nm":"Path 1","mn":"ADBE Vector Shape - Group","hd":false},{"ty":"fl","c":{"a":0,"k":[0.6,0.8133,1,1],"ix":4},"o":{"a":0,"k":100,"ix":5},"r":1,"bm":0,"nm":"Fill 1","mn":"ADBE Vector Graphic - Fill","hd":false},{"ty":"tr","p":{"a":0,"k":[160.709,238.774],"ix":2},"a":{"a":0,"k":[0,0],"ix":1},"s":{"a":0,"k":[100,100],"ix":3},"r":{"a":0,"k":0,"ix":6},"o":{"a":0,"k":100,"ix":7},"sk":{"a":0,"k":0,"ix":4},"sa":{"a":0,"k":0,"ix":5},"nm":"Transform"}],"nm":"Group 9","np":2,"cix":2,"bm":0,"ix":1,"mn":"ADBE Vector Group","hd":false}],"ip":19,"op":1803,"st":4,"bm":0,"completed":true},{"ddd":0,"ind":20,"ty":4,"nm":"Group 28","sr":1,"ks":{"o":{"a":0,"k":100,"ix":11},"r":{"a":0,"k":0,"ix":10},"p":{"a":0,"k":[796.598,604.401,0],"ix":2},"a":{"a":0,"k":[177.598,224.401,0],"ix":1},"s":{"a":1,"k":[{"i":{"x":[0.667,0.667,0.667],"y":[1,1,1]},"o":{"x":[0.167,0.167,0.167],"y":[0,0,0]},"t":18,"s":[0,0,100]},{"i":{"x":[0.667,0.667,0.667],"y":[1,1,1]},"o":{"x":[0.333,0.333,0.333],"y":[0,0,0]},"t":23,"s":[104,104,100]},{"i":{"x":[0.667,0.667,0.667],"y":[1,1,1]},"o":{"x":[0.333,0.333,0.333],"y":[0,0,0]},"t":27,"s":[97,97,100]},{"t":35,"s":[100,100,100]}],"ix":6}},"ao":0,"shapes":[{"ty":"gr","it":[{"ind":0,"ty":"sh","ix":1,"ks":{"a":0,"k":{"i":[[15.232,25.51],[-15.232,25.51],[-15.232,-25.51],[15.232,-25.51]],"o":[[15.232,25.51],[-15.232,25.51],[-15.232,-25.51],[15.232,-25.51]],"v":[[15.232,25.51],[-15.232,25.51],[-15.232,-25.51],[15.232,-25.51]],"c":true},"ix":2},"nm":"Path 1","mn":"ADBE Vector Shape - Group","hd":false},{"ty":"fl","c":{"a":0,"k":[0.851,0.8784,0.902,1],"ix":4},"o":{"a":0,"k":100,"ix":5},"r":1,"bm":0,"nm":"Fill 1","mn":"ADBE Vector Graphic - Fill","hd":false},{"ty":"tr","p":{"a":0,"k":[177.598,224.401],"ix":2},"a":{"a":0,"k":[0,0],"ix":1},"s":{"a":0,"k":[100,100],"ix":3},"r":{"a":0,"k":0,"ix":6},"o":{"a":0,"k":100,"ix":7},"sk":{"a":0,"k":0,"ix":4},"sa":{"a":0,"k":0,"ix":5},"nm":"Transform"}],"nm":"Group 28","np":2,"cix":2,"bm":0,"ix":1,"mn":"ADBE Vector Group","hd":false}],"ip":18,"op":1803,"st":4,"bm":0,"completed":true},{"ddd":0,"ind":21,"ty":4,"nm":"Group 29","sr":1,"ks":{"o":{"a":0,"k":100,"ix":11},"r":{"a":0,"k":0,"ix":10},"p":{"a":0,"k":[762.729,604.401,0],"ix":2},"a":{"a":0,"k":[143.729,224.401,0],"ix":1},"s":{"a":1,"k":[{"i":{"x":[0.667,0.667,0.667],"y":[1,1,1]},"o":{"x":[0.167,0.167,0.167],"y":[0,0,0]},"t":17,"s":[0,0,100]},{"i":{"x":[0.667,0.667,0.667],"y":[1,1,1]},"o":{"x":[0.333,0.333,0.333],"y":[0,0,0]},"t":22,"s":[104,104,100]},{"i":{"x":[0.667,0.667,0.667],"y":[1,1,1]},"o":{"x":[0.333,0.333,0.333],"y":[0,0,0]},"t":26,"s":[97,97,100]},{"t":34,"s":[100,100,100]}],"ix":6}},"ao":0,"shapes":[{"ty":"gr","it":[{"ind":0,"ty":"sh","ix":1,"ks":{"a":0,"k":{"i":[[15.323,25.51],[-15.322,25.51],[-15.322,-25.51],[15.323,-25.51]],"o":[[15.323,25.51],[-15.322,25.51],[-15.322,-25.51],[15.323,-25.51]],"v":[[15.323,25.51],[-15.322,25.51],[-15.322,-25.51],[15.323,-25.51]],"c":true},"ix":2},"nm":"Path 1","mn":"ADBE Vector Shape - Group","hd":false},{"ty":"fl","c":{"a":0,"k":[0.851,0.8784,0.902,1],"ix":4},"o":{"a":0,"k":100,"ix":5},"r":1,"bm":0,"nm":"Fill 1","mn":"ADBE Vector Graphic - Fill","hd":false},{"ty":"tr","p":{"a":0,"k":[143.729,224.401],"ix":2},"a":{"a":0,"k":[0,0],"ix":1},"s":{"a":0,"k":[100,100],"ix":3},"r":{"a":0,"k":0,"ix":6},"o":{"a":0,"k":100,"ix":7},"sk":{"a":0,"k":0,"ix":4},"sa":{"a":0,"k":0,"ix":5},"nm":"Transform"}],"nm":"Group 29","np":2,"cix":2,"bm":0,"ix":1,"mn":"ADBE Vector Group","hd":false}],"ip":17,"op":1803,"st":4,"bm":0,"completed":true},{"ddd":0,"ind":22,"ty":4,"nm":"Group 30","sr":1,"ks":{"o":{"a":0,"k":100,"ix":11},"r":{"a":0,"k":0,"ix":10},"p":{"a":0,"k":[779.334,604.4,0],"ix":2},"a":{"a":0,"k":[160.334,224.4,0],"ix":1},"s":{"a":0,"k":[100,100,100],"ix":6}},"ao":0,"shapes":[{"ty":"gr","it":[{"ind":0,"ty":"sh","ix":1,"ks":{"a":0,"k":{"i":[[37.252,30.699],[-37.252,30.699],[-37.252,-30.699],[37.252,-30.699]],"o":[[37.252,30.699],[-37.252,30.699],[-37.252,-30.699],[37.252,-30.699]],"v":[[37.252,30.699],[-37.252,30.699],[-37.252,-30.699],[37.252,-30.699]],"c":true},"ix":2},"nm":"Path 1","mn":"ADBE Vector Shape - Group","hd":false},{"ty":"st","c":{"a":0,"k":[0.851,0.8784,0.902,1],"ix":3},"o":{"a":0,"k":100,"ix":4},"w":{"a":0,"k":1,"ix":5},"lc":1,"lj":1,"ml":10,"bm":0,"nm":"Stroke 1","mn":"ADBE Vector Graphic - Stroke","hd":false},{"ty":"tr","p":{"a":0,"k":[160.334,224.4],"ix":2},"a":{"a":0,"k":[0,0],"ix":1},"s":{"a":0,"k":[100,100],"ix":3},"r":{"a":0,"k":0,"ix":6},"o":{"a":0,"k":100,"ix":7},"sk":{"a":0,"k":0,"ix":4},"sa":{"a":0,"k":0,"ix":5},"nm":"Transform"}],"nm":"Group 30","np":2,"cix":2,"bm":0,"ix":1,"mn":"ADBE Vector Group","hd":false},{"ty":"tm","s":{"a":1,"k":[{"i":{"x":[0.667],"y":[1]},"o":{"x":[0.333],"y":[0]},"t":19,"s":[100]},{"t":42,"s":[0]}],"ix":1},"e":{"a":0,"k":100,"ix":2},"o":{"a":0,"k":0,"ix":3},"m":1,"ix":2,"nm":"Trim Paths 1","mn":"ADBE Vector Filter - Trim","hd":false}],"ip":19,"op":1803,"st":4,"bm":0,"completed":true},{"ddd":0,"ind":23,"ty":4,"nm":"Group 31","sr":1,"ks":{"o":{"a":0,"k":100,"ix":11},"r":{"a":0,"k":0,"ix":10},"p":{"a":1,"k":[{"i":{"x":0.667,"y":1},"o":{"x":0.333,"y":0},"t":0,"s":[860.256,699.955,0],"to":null,"ti":null},{"i":{"x":0.667,"y":1},"o":{"x":0.333,"y":0},"t":2,"s":[860.256,684.955,0],"to":null,"ti":null},{"i":{"x":0.667,"y":1},"o":{"x":0.333,"y":0},"t":6,"s":[860.256,699.955,0],"to":null,"ti":null},{"i":{"x":0.667,"y":1},"o":{"x":0.333,"y":0},"t":11,"s":[860.256,694.955,0],"to":null,"ti":null},{"t":20,"s":[860.256,699.955,0]}],"ix":2},"a":{"a":0,"k":[241.256,319.955,0],"ix":1},"s":{"a":1,"k":[{"i":{"x":[0.483,0.483,0.667],"y":[1,1,1]},"o":{"x":[0.533,0.533,0.333],"y":[-0.003,-0.003,0]},"t":0,"s":[0,0,100]},{"i":{"x":[0.437,0.437,0.667],"y":[1,1,1]},"o":{"x":[0.583,0.583,0.333],"y":[-0.033,0.009,0]},"t":5,"s":[96.431,122.108,100]},{"i":{"x":[0.513,0.513,0.667],"y":[1,1,1]},"o":{"x":[0.5,0.5,0.333],"y":[0.049,-0.019,0]},"t":9,"s":[105.354,88.096,100]},{"i":{"x":[0.552,0.552,0.667],"y":[1,1,1]},"o":{"x":[0.458,0.458,0.333],"y":[-0.485,0.102,0]},"t":14,"s":[98.929,105.102,100]},{"t":23,"s":[100,100,100]}],"ix":6}},"ao":0,"shapes":[{"ty":"gr","it":[{"ind":0,"ty":"sh","ix":1,"ks":{"a":0,"k":{"i":[[-140.089,14.701],[140.089,14.701],[140.089,-14.701],[-140.089,-14.701]],"o":[[-140.089,14.701],[140.089,14.701],[140.089,-14.701],[-140.089,-14.701]],"v":[[-140.089,14.701],[140.089,14.701],[140.089,-14.701],[-140.089,-14.701]],"c":true},"ix":2},"nm":"Path 1","mn":"ADBE Vector Shape - Group","hd":false,"_render":true},{"ty":"fl","c":{"a":0,"k":[0.0902,0.1529,0.2275,1],"ix":4,"x":"var $bm_rt;\n$bm_rt = comp('Artwork 29').layer('Adjustment Layer 38').effect('Color Control 3')('Color');"},"o":{"a":0,"k":100,"ix":5},"r":1,"bm":0,"nm":"Fill 1","mn":"ADBE Vector Graphic - Fill","hd":false,"_render":true},{"ty":"tr","p":{"a":0,"k":[241.256,305.254],"ix":2},"a":{"a":0,"k":[0,0],"ix":1},"s":{"a":0,"k":[100,100],"ix":3},"r":{"a":0,"k":0,"ix":6},"o":{"a":0,"k":100,"ix":7},"sk":{"a":0,"k":0,"ix":4},"sa":{"a":0,"k":0,"ix":5},"nm":"Transform","_render":true}],"nm":"Group 31","np":2,"cix":2,"bm":0,"ix":1,"mn":"ADBE Vector Group","hd":false,"_render":true}],"ip":0,"op":1799,"st":0,"bm":0,"completed":true},{"ddd":0,"ind":24,"ty":4,"nm":"Group 32","parent":28,"sr":1,"ks":{"o":{"a":0,"k":100,"ix":11},"r":{"a":0,"k":0,"ix":10},"p":{"a":0,"k":[292.699,192.219,0],"ix":2},"a":{"a":0,"k":[292.699,192.219,0],"ix":1},"s":{"a":0,"k":[100,92.243,100],"ix":6}},"ao":0,"shapes":[{"ty":"gr","it":[{"ind":0,"ty":"sh","ix":1,"ks":{"a":0,"k":{"i":[[2.603,54.789],[-2.603,54.789],[-2.603,-54.788],[2.603,-54.788]],"o":[[2.603,54.789],[-2.603,54.789],[-2.603,-54.788],[2.603,-54.788]],"v":[[2.603,54.789],[-2.603,54.789],[-2.603,-54.788],[2.603,-54.788]],"c":true},"ix":2},"nm":"Path 1","mn":"ADBE Vector Shape - Group","hd":false},{"ty":"st","c":{"a":0,"k":[0.3599,0.648,0.9001,1],"ix":3},"o":{"a":0,"k":100,"ix":4},"w":{"a":0,"k":1,"ix":5},"lc":1,"lj":1,"ml":10,"bm":0,"nm":"Stroke 1","mn":"ADBE Vector Graphic - Stroke","hd":false},{"ty":"tr","p":{"a":0,"k":[292.699,247.007],"ix":2},"a":{"a":0,"k":[0,0],"ix":1},"s":{"a":0,"k":[100,100],"ix":3},"r":{"a":0,"k":0,"ix":6},"o":{"a":0,"k":100,"ix":7},"sk":{"a":0,"k":0,"ix":4},"sa":{"a":0,"k":0,"ix":5},"nm":"Transform"}],"nm":"Group 32","np":2,"cix":2,"bm":0,"ix":1,"mn":"ADBE Vector Group","hd":false},{"ty":"tm","s":{"a":1,"k":[{"i":{"x":[0.667],"y":[1]},"o":{"x":[0.333],"y":[0]},"t":23,"s":[100]},{"t":37,"s":[0]}],"ix":1},"e":{"a":0,"k":100,"ix":2},"o":{"a":0,"k":0,"ix":3},"m":1,"ix":2,"nm":"Trim Paths 1","mn":"ADBE Vector Filter - Trim","hd":false}],"ip":23,"op":1805,"st":6,"bm":0,"completed":true},{"ddd":0,"ind":25,"ty":4,"nm":"Group 33","parent":28,"sr":1,"ks":{"o":{"a":0,"k":100,"ix":11},"r":{"a":0,"k":0,"ix":10},"p":{"a":0,"k":[305.255,192.219,0],"ix":2},"a":{"a":0,"k":[305.255,192.219,0],"ix":1},"s":{"a":0,"k":[100,92.243,100],"ix":6}},"ao":0,"shapes":[{"ty":"gr","it":[{"ind":0,"ty":"sh","ix":1,"ks":{"a":0,"k":{"i":[[2.604,54.789],[-2.603,54.789],[-2.603,-54.788],[2.604,-54.788]],"o":[[2.604,54.789],[-2.603,54.789],[-2.603,-54.788],[2.604,-54.788]],"v":[[2.604,54.789],[-2.603,54.789],[-2.603,-54.788],[2.604,-54.788]],"c":true},"ix":2},"nm":"Path 1","mn":"ADBE Vector Shape - Group","hd":false},{"ty":"st","c":{"a":0,"k":[0.3599,0.648,0.9001,1],"ix":3},"o":{"a":0,"k":100,"ix":4},"w":{"a":0,"k":1,"ix":5},"lc":1,"lj":1,"ml":10,"bm":0,"nm":"Stroke 1","mn":"ADBE Vector Graphic - Stroke","hd":false},{"ty":"tr","p":{"a":0,"k":[305.255,247.007],"ix":2},"a":{"a":0,"k":[0,0],"ix":1},"s":{"a":0,"k":[100,100],"ix":3},"r":{"a":0,"k":0,"ix":6},"o":{"a":0,"k":100,"ix":7},"sk":{"a":0,"k":0,"ix":4},"sa":{"a":0,"k":0,"ix":5},"nm":"Transform"}],"nm":"Group 33","np":2,"cix":2,"bm":0,"ix":1,"mn":"ADBE Vector Group","hd":false},{"ty":"tm","s":{"a":1,"k":[{"i":{"x":[0.667],"y":[1]},"o":{"x":[0.333],"y":[0]},"t":25,"s":[100]},{"t":39,"s":[0]}],"ix":1},"e":{"a":0,"k":100,"ix":2},"o":{"a":0,"k":0,"ix":3},"m":1,"ix":2,"nm":"Trim Paths 1","mn":"ADBE Vector Filter - Trim","hd":false}],"ip":25,"op":1805,"st":6,"bm":0,"completed":true},{"ddd":0,"ind":26,"ty":4,"nm":"Group 34","parent":28,"sr":1,"ks":{"o":{"a":0,"k":100,"ix":11},"r":{"a":0,"k":0,"ix":10},"p":{"a":0,"k":[317.131,192.219,0],"ix":2},"a":{"a":0,"k":[317.131,192.219,0],"ix":1},"s":{"a":0,"k":[100,92.243,100],"ix":6}},"ao":0,"shapes":[{"ty":"gr","it":[{"ind":0,"ty":"sh","ix":1,"ks":{"a":0,"k":{"i":[[2.603,54.789],[-2.603,54.789],[-2.603,-54.788],[2.603,-54.788]],"o":[[2.603,54.789],[-2.603,54.789],[-2.603,-54.788],[2.603,-54.788]],"v":[[2.603,54.789],[-2.603,54.789],[-2.603,-54.788],[2.603,-54.788]],"c":true},"ix":2},"nm":"Path 1","mn":"ADBE Vector Shape - Group","hd":false},{"ty":"st","c":{"a":0,"k":[0.3599,0.648,0.9001,1],"ix":3},"o":{"a":0,"k":100,"ix":4},"w":{"a":0,"k":1,"ix":5},"lc":1,"lj":1,"ml":10,"bm":0,"nm":"Stroke 1","mn":"ADBE Vector Graphic - Stroke","hd":false},{"ty":"tr","p":{"a":0,"k":[317.131,247.007],"ix":2},"a":{"a":0,"k":[0,0],"ix":1},"s":{"a":0,"k":[100,100],"ix":3},"r":{"a":0,"k":0,"ix":6},"o":{"a":0,"k":100,"ix":7},"sk":{"a":0,"k":0,"ix":4},"sa":{"a":0,"k":0,"ix":5},"nm":"Transform"}],"nm":"Group 34","np":2,"cix":2,"bm":0,"ix":1,"mn":"ADBE Vector Group","hd":false},{"ty":"tm","s":{"a":1,"k":[{"i":{"x":[0.667],"y":[1]},"o":{"x":[0.333],"y":[0]},"t":27,"s":[100]},{"t":41,"s":[0]}],"ix":1},"e":{"a":0,"k":100,"ix":2},"o":{"a":0,"k":0,"ix":3},"m":1,"ix":2,"nm":"Trim Paths 1","mn":"ADBE Vector Filter - Trim","hd":false}],"ip":27,"op":1805,"st":6,"bm":0,"completed":true},{"ddd":0,"ind":27,"ty":4,"nm":"Group 5","parent":28,"sr":1,"ks":{"o":{"a":0,"k":100,"ix":11},"r":{"a":0,"k":0,"ix":10},"p":{"a":0,"k":[294.57,192.218,0],"ix":2},"a":{"a":0,"k":[294.57,192.218,0],"ix":1},"s":{"a":0,"k":[100,102.797,100],"ix":6}},"ao":0,"shapes":[{"ty":"gr","it":[{"ind":0,"ty":"sh","ix":1,"ks":{"a":0,"k":{"i":[[25.164,-49.167],[-25.164,-49.167],[-25.164,49.167]],"o":[[25.164,-49.167],[-25.164,-49.167],[-25.164,49.167]],"v":[[25.164,-49.167],[-25.164,-49.167],[-25.164,49.167]],"c":false},"ix":2},"nm":"Path 1","mn":"ADBE Vector Shape - Group","hd":false},{"ty":"st","c":{"a":0,"k":[0.3599,0.648,0.9001,1],"ix":3},"o":{"a":0,"k":100,"ix":4},"w":{"a":0,"k":1,"ix":5},"lc":1,"lj":1,"ml":10,"bm":0,"nm":"Stroke 1","mn":"ADBE Vector Graphic - Stroke","hd":false},{"ty":"tr","p":{"a":0,"k":[294.57,241.386],"ix":2},"a":{"a":0,"k":[0,0],"ix":1},"s":{"a":0,"k":[100,100],"ix":3},"r":{"a":0,"k":0,"ix":6},"o":{"a":0,"k":100,"ix":7},"sk":{"a":0,"k":0,"ix":4},"sa":{"a":0,"k":0,"ix":5},"nm":"Transform"}],"nm":"Group 5","np":2,"cix":2,"bm":0,"ix":1,"mn":"ADBE Vector Group","hd":false},{"ty":"tm","s":{"a":1,"k":[{"i":{"x":[0.667],"y":[1]},"o":{"x":[0.333],"y":[0]},"t":21,"s":[100]},{"t":35,"s":[0]}],"ix":1},"e":{"a":0,"k":100,"ix":2},"o":{"a":0,"k":0,"ix":3},"m":1,"ix":2,"nm":"Trim Paths 1","mn":"ADBE Vector Filter - Trim","hd":false}],"ip":21,"op":1805,"st":6,"bm":0,"completed":true},{"ddd":0,"ind":28,"ty":4,"nm":"Group 38","sr":1,"ks":{"o":{"a":0,"k":100,"ix":11},"r":{"a":0,"k":0,"ix":10},"p":{"a":1,"k":[{"i":{"x":0.667,"y":1},"o":{"x":0.333,"y":0},"t":17,"s":[913.844,673.736,0],"to":[0,-3.333,0],"ti":[0,0,0]},{"i":{"x":0.667,"y":1},"o":{"x":0.333,"y":0},"t":20,"s":[913.844,653.736,0],"to":[0,0,0],"ti":[0,-2,0]},{"i":{"x":0.667,"y":1},"o":{"x":0.333,"y":0},"t":24,"s":[913.844,673.736,0],"to":[0,2,0],"ti":[0,0,0]},{"i":{"x":0.667,"y":1},"o":{"x":0.333,"y":0},"t":30,"s":[913.844,665.736,0],"to":[0,0,0],"ti":[0,-1.333,0]},{"t":37,"s":[913.844,673.736,0]}],"ix":2},"a":{"a":0,"k":[294.844,293.736,0],"ix":1},"s":{"a":1,"k":[{"i":{"x":[0.513,0.513,0.667],"y":[1,1,1]},"o":{"x":[0.5,0.5,0.333],"y":[-0.004,-0.004,0]},"t":17,"s":[0,0,100]},{"i":{"x":[0.437,0.437,0.667],"y":[1,1,1]},"o":{"x":[0.583,0.583,0.333],"y":[-0.012,0.038,0]},"t":23,"s":[85.322,105.524,100]},{"i":{"x":[0.513,0.513,0.667],"y":[1,1,1]},"o":{"x":[0.5,0.5,0.333],"y":[0.024,-0.108,0]},"t":27,"s":[110.675,97.79,100]},{"i":{"x":[0.702,0.702,0.833],"y":[1,1,1]},"o":{"x":[0.31,0.31,0.167],"y":[-0.056,0.212,0]},"t":33,"s":[95.107,101.289,100]},{"t":40,"s":[100,100,100]}],"ix":6}},"ao":0,"shapes":[{"ty":"gr","it":[{"ind":0,"ty":"sh","ix":1,"ks":{"a":0,"k":{"i":[[31.397,53.596],[-31.397,53.596],[-31.397,-53.596],[31.397,-53.596]],"o":[[31.397,53.596],[-31.397,53.596],[-31.397,-53.596],[31.397,-53.596]],"v":[[31.397,53.596],[-31.397,53.596],[-31.397,-53.596],[31.397,-53.596]],"c":true},"ix":2},"nm":"Path 1","mn":"ADBE Vector Shape - Group","hd":false},{"ty":"fl","c":{"a":0,"k":[0.1255,0.1529,0.1725,1],"ix":4},"o":{"a":0,"k":100,"ix":5},"r":1,"bm":0,"nm":"Fill 1","mn":"ADBE Vector Graphic - Fill","hd":false},{"ty":"tr","p":{"a":0,"k":[294.844,240.14],"ix":2},"a":{"a":0,"k":[0,0],"ix":1},"s":{"a":0,"k":[100,100],"ix":3},"r":{"a":0,"k":0,"ix":6},"o":{"a":0,"k":100,"ix":7},"sk":{"a":0,"k":0,"ix":4},"sa":{"a":0,"k":0,"ix":5},"nm":"Transform"}],"nm":"Group 38","np":2,"cix":2,"bm":0,"ix":1,"mn":"ADBE Vector Group","hd":false}],"ip":17,"op":1805,"st":6,"bm":0,"completed":true},{"ddd":0,"ind":29,"ty":4,"nm":"Group 7","sr":1,"ks":{"o":{"a":0,"k":100,"ix":11},"r":{"a":0,"k":0,"ix":10},"p":{"a":1,"k":[{"i":{"x":0.667,"y":1},"o":{"x":0.333,"y":0},"t":16,"s":[1222.423,563.075,0],"to":[0,-6,0],"ti":[0,5.5,0]},{"i":{"x":0.667,"y":1},"o":{"x":0.333,"y":0},"t":19,"s":[1222.423,527.075,0],"to":[0,-5.5,0],"ti":[0,-1,0]},{"i":{"x":0.667,"y":1},"o":{"x":0.333,"y":0},"t":23,"s":[1222.423,530.075,0],"to":[0,1,0],"ti":[0,-3,0]},{"i":{"x":0.667,"y":1},"o":{"x":0.333,"y":0},"t":28,"s":[1222.423,533.075,0],"to":[0,3,0],"ti":[0,-2.5,0]},{"t":35,"s":[1222.423,548.075,0]}],"ix":2},"a":{"a":0,"k":[603.423,168.075,0],"ix":1},"s":{"a":1,"k":[{"i":{"x":[0.667,0.667,0.667],"y":[1,1,1]},"o":{"x":[0.333,0.333,0.333],"y":[0,0,0]},"t":16,"s":[0,0,100]},{"i":{"x":[0.667,0.667,0.667],"y":[1,1,1]},"o":{"x":[0.167,0.167,0.167],"y":[0,0,0]},"t":21,"s":[95.997,147.177,100]},{"i":{"x":[0.667,0.667,0.667],"y":[1,1,1]},"o":{"x":[0.167,0.167,0.167],"y":[0,0,0]},"t":25,"s":[109.118,67.339,100]},{"i":{"x":[0.667,0.667,0.667],"y":[1,1,1]},"o":{"x":[0.167,0.167,0.167],"y":[0,0,0]},"t":30,"s":[97.776,129.032,100]},{"t":37,"s":[100,100,100]}],"ix":6}},"ao":0,"shapes":[{"ty":"gr","it":[{"ind":0,"ty":"sh","ix":1,"ks":{"a":0,"k":{"i":[[-77.665,2.449],[77.666,2.449],[77.666,-2.449],[-77.665,-2.449]],"o":[[-77.665,2.449],[77.666,2.449],[77.666,-2.449],[-77.665,-2.449]],"v":[[-77.665,2.449],[77.666,2.449],[77.666,-2.449],[-77.665,-2.449]],"c":true},"ix":2},"nm":"Path 1","mn":"ADBE Vector Shape - Group","hd":false},{"ty":"fl","c":{"a":0,"k":[0.2279,0.4637,0.6321,1],"ix":4},"o":{"a":0,"k":100,"ix":5},"r":1,"bm":0,"nm":"Fill 1","mn":"ADBE Vector Graphic - Fill","hd":false},{"ty":"tr","p":{"a":0,"k":[603.423,165.626],"ix":2},"a":{"a":0,"k":[0,0],"ix":1},"s":{"a":0,"k":[100,100],"ix":3},"r":{"a":0,"k":0,"ix":6},"o":{"a":0,"k":100,"ix":7},"sk":{"a":0,"k":0,"ix":4},"sa":{"a":0,"k":0,"ix":5},"nm":"Transform"}],"nm":"Group 7","np":2,"cix":2,"bm":0,"ix":1,"mn":"ADBE Vector Group","hd":false}],"ip":16,"op":1799,"st":0,"bm":0,"completed":true},{"ddd":0,"ind":30,"ty":4,"nm":"Group 8","sr":1,"ks":{"o":{"a":0,"k":100,"ix":11},"r":{"a":0,"k":0,"ix":10},"p":{"a":1,"k":[{"i":{"x":0.667,"y":1},"o":{"x":0.333,"y":0},"t":9,"s":[1062.606,475.315,0],"to":null,"ti":null},{"i":{"x":0.667,"y":1},"o":{"x":0.333,"y":0},"t":12,"s":[1062.606,379.315,0],"to":null,"ti":null},{"i":{"x":0.667,"y":1},"o":{"x":0.333,"y":0},"t":16,"s":[1062.606,419.315,0],"to":null,"ti":null},{"i":{"x":0.667,"y":1},"o":{"x":0.333,"y":0},"t":21,"s":[1062.606,399.315,0],"to":null,"ti":null},{"t":28,"s":[1062.606,435.315,0]}],"ix":2},"a":{"a":0,"k":[443.606,55.315,0],"ix":1},"s":{"a":1,"k":[{"i":{"x":[0.667,0.667,0.667],"y":[1,1,1]},"o":{"x":[0.333,0.333,0.333],"y":[0,0,0]},"t":9,"s":[0,0,100]},{"i":{"x":[0.667,0.667,0.667],"y":[1,1,1]},"o":{"x":[0.167,0.167,0.167],"y":[0,0,0]},"t":14,"s":[95.997,147.177,100]},{"i":{"x":[0.667,0.667,0.667],"y":[1,1,1]},"o":{"x":[0.167,0.167,0.167],"y":[0,0,0]},"t":18,"s":[109.118,67.339,100]},{"i":{"x":[0.667,0.667,0.667],"y":[1,1,1]},"o":{"x":[0.167,0.167,0.167],"y":[0,0,0]},"t":23,"s":[97.776,129.032,100]},{"t":30,"s":[100,100,100]}],"ix":6}},"ao":0,"shapes":[{"ty":"gr","it":[{"ind":0,"ty":"sh","ix":1,"ks":{"a":0,"k":{"i":[[112.417,3.445],[-112.417,3.445],[-112.417,-3.445],[112.417,-3.445]],"o":[[112.417,3.445],[-112.417,3.445],[-112.417,-3.445],[112.417,-3.445]],"v":[[112.417,3.445],[-112.417,3.445],[-112.417,-3.445],[112.417,-3.445]],"c":true},"ix":2},"nm":"Path 1","mn":"ADBE Vector Shape - Group","hd":false,"_render":true},{"ty":"fl","c":{"a":0,"k":[0.1255,0.1529,0.1725,1],"ix":4},"o":{"a":0,"k":100,"ix":5},"r":1,"bm":0,"nm":"Fill 1","mn":"ADBE Vector Graphic - Fill","hd":false,"_render":true},{"ty":"tr","p":{"a":0,"k":[443.606,51.87],"ix":2},"a":{"a":0,"k":[0,0],"ix":1},"s":{"a":0,"k":[100,100],"ix":3},"r":{"a":0,"k":0,"ix":6},"o":{"a":0,"k":100,"ix":7},"sk":{"a":0,"k":0,"ix":4},"sa":{"a":0,"k":0,"ix":5},"nm":"Transform","_render":true}],"nm":"Group 8","np":2,"cix":2,"bm":0,"ix":1,"mn":"ADBE Vector Group","hd":false,"_render":true}],"ip":9,"op":1799,"st":0,"bm":0,"completed":true},{"ddd":0,"ind":31,"ty":4,"nm":"Group 10","sr":1,"ks":{"o":{"a":0,"k":100,"ix":11},"r":{"a":0,"k":0,"ix":10},"p":{"a":1,"k":[{"i":{"x":0.667,"y":1},"o":{"x":0.333,"y":0},"t":11,"s":[921.654,473.547,0],"to":null,"ti":null},{"i":{"x":0.667,"y":1},"o":{"x":0.333,"y":0},"t":14,"s":[921.654,418.547,0],"to":null,"ti":null},{"i":{"x":0.667,"y":1},"o":{"x":0.333,"y":0},"t":18,"s":[921.654,453.547,0],"to":null,"ti":null},{"i":{"x":0.667,"y":1},"o":{"x":0.333,"y":0},"t":23,"s":[921.654,436.547,0],"to":null,"ti":null},{"t":30,"s":[921.654,458.547,0]}],"ix":2},"a":{"a":0,"k":[302.654,78.547,0],"ix":1},"s":{"a":1,"k":[{"i":{"x":[0.667,0.667,0.667],"y":[1,1,1]},"o":{"x":[0.333,0.333,0.333],"y":[0,0,0]},"t":11,"s":[0,0,100]},{"i":{"x":[0.667,0.667,0.667],"y":[1,1,1]},"o":{"x":[0.167,0.167,0.167],"y":[0,0,0]},"t":16,"s":[95.997,147.177,100]},{"i":{"x":[0.667,0.667,0.667],"y":[1,1,1]},"o":{"x":[0.167,0.167,0.167],"y":[0,0,0]},"t":20,"s":[109.118,67.339,100]},{"i":{"x":[0.667,0.667,0.667],"y":[1,1,1]},"o":{"x":[0.167,0.167,0.167],"y":[0,0,0]},"t":25,"s":[97.776,129.032,100]},{"t":32,"s":[100,100,100]}],"ix":6}},"ao":0,"shapes":[{"ty":"gr","it":[{"ind":0,"ty":"sh","ix":1,"ks":{"a":0,"k":{"i":[[28.536,2.81],[-28.536,2.81],[-28.536,-2.81],[28.536,-2.81]],"o":[[28.536,2.81],[-28.536,2.81],[-28.536,-2.81],[28.536,-2.81]],"v":[[28.536,2.81],[-28.536,2.81],[-28.536,-2.81],[28.536,-2.81]],"c":true},"ix":2},"nm":"Path 1","mn":"ADBE Vector Shape - Group","hd":false,"_render":true},{"ty":"fl","c":{"a":0,"k":[0.1255,0.1529,0.1725,1],"ix":4},"o":{"a":0,"k":100,"ix":5},"r":1,"bm":0,"nm":"Fill 1","mn":"ADBE Vector Graphic - Fill","hd":false,"_render":true},{"ty":"tr","p":{"a":0,"k":[302.654,75.737],"ix":2},"a":{"a":0,"k":[0,0],"ix":1},"s":{"a":0,"k":[100,100],"ix":3},"r":{"a":0,"k":0,"ix":6},"o":{"a":0,"k":100,"ix":7},"sk":{"a":0,"k":0,"ix":4},"sa":{"a":0,"k":0,"ix":5},"nm":"Transform","_render":true}],"nm":"Group 10","np":2,"cix":2,"bm":0,"ix":1,"mn":"ADBE Vector Group","hd":false,"_render":true}],"ip":11,"op":1799,"st":0,"bm":0,"completed":true},{"ddd":0,"ind":32,"ty":4,"nm":"Group 11","sr":1,"ks":{"o":{"a":0,"k":100,"ix":11},"r":{"a":0,"k":0,"ix":10},"p":{"a":1,"k":[{"i":{"x":0.667,"y":1},"o":{"x":0.333,"y":0},"t":16,"s":[788.482,407.394,0],"to":[0,-13.333,0],"ti":[0,3.333,0]},{"i":{"x":0.667,"y":1},"o":{"x":0.333,"y":0},"t":19,"s":[788.482,327.394,0],"to":[0,-3.333,0],"ti":[0,-6.167,0]},{"i":{"x":0.667,"y":1},"o":{"x":0.333,"y":0},"t":23,"s":[788.482,387.394,0],"to":[0,6.167,0],"ti":[0,0,0]},{"i":{"x":0.667,"y":1},"o":{"x":0.333,"y":0},"t":28,"s":[788.482,364.394,0],"to":[0,0,0],"ti":[0,-3.833,0]},{"t":35,"s":[788.482,387.394,0]}],"ix":2},"a":{"a":0,"k":[169.482,7.394,0],"ix":1},"s":{"a":1,"k":[{"i":{"x":[0.667,0.667,0.667],"y":[1,1,1]},"o":{"x":[0.333,0.333,0.333],"y":[0,0,0]},"t":16,"s":[0,0,100]},{"i":{"x":[0.667,0.667,0.667],"y":[1,1,1]},"o":{"x":[0.167,0.167,0.167],"y":[0,0,0]},"t":21,"s":[95.997,147.177,100]},{"i":{"x":[0.667,0.667,0.667],"y":[1,1,1]},"o":{"x":[0.167,0.167,0.167],"y":[0,0,0]},"t":25,"s":[109.118,67.339,100]},{"i":{"x":[0.667,0.667,0.667],"y":[1,1,1]},"o":{"x":[0.167,0.167,0.167],"y":[0,0,0]},"t":30,"s":[97.776,129.032,100]},{"t":37,"s":[100,100,100]}],"ix":6}},"ao":0,"shapes":[{"ty":"gr","it":[{"ind":0,"ty":"sh","ix":1,"ks":{"a":0,"k":{"i":[[-104.635,3.697],[104.635,3.697],[104.635,-3.697],[-104.635,-3.697]],"o":[[-104.635,3.697],[104.635,3.697],[104.635,-3.697],[-104.635,-3.697]],"v":[[-104.635,3.697],[104.635,3.697],[104.635,-3.697],[-104.635,-3.697]],"c":true},"ix":2},"nm":"Path 1","mn":"ADBE Vector Shape - Group","hd":false},{"ty":"fl","c":{"a":0,"k":[0.1255,0.1529,0.1725,1],"ix":4},"o":{"a":0,"k":100,"ix":5},"r":1,"bm":0,"nm":"Fill 1","mn":"ADBE Vector Graphic - Fill","hd":false},{"ty":"tr","p":{"a":0,"k":[169.482,3.697],"ix":2},"a":{"a":0,"k":[0,0],"ix":1},"s":{"a":0,"k":[100,100],"ix":3},"r":{"a":0,"k":0,"ix":6},"o":{"a":0,"k":100,"ix":7},"sk":{"a":0,"k":0,"ix":4},"sa":{"a":0,"k":0,"ix":5},"nm":"Transform"}],"nm":"Group 11","np":2,"cix":2,"bm":0,"ix":1,"mn":"ADBE Vector Group","hd":false}],"ip":16,"op":1801,"st":2,"bm":0,"completed":true},{"ddd":0,"ind":33,"ty":4,"nm":"Group 35","sr":1,"ks":{"o":{"a":0,"k":100,"ix":11},"r":{"a":0,"k":0,"ix":10},"p":{"a":1,"k":[{"i":{"x":0.667,"y":1},"o":{"x":0.333,"y":0},"t":8,"s":[1228.205,714.955,0],"to":null,"ti":null},{"i":{"x":0.667,"y":1},"o":{"x":0.333,"y":0},"t":12,"s":[1228.205,669.955,0],"to":null,"ti":null},{"i":{"x":0.667,"y":1},"o":{"x":0.333,"y":0},"t":16,"s":[1228.205,699.955,0],"to":null,"ti":null},{"i":{"x":0.667,"y":1},"o":{"x":0.333,"y":0},"t":22,"s":[1228.205,689.955,0],"to":null,"ti":null},{"t":29,"s":[1228.205,699.955,0]}],"ix":2},"a":{"a":0,"k":[609.205,319.955,0],"ix":1},"s":{"a":1,"k":[{"i":{"x":[0.513,0.513,0.667],"y":[1,1,1]},"o":{"x":[0.5,0.5,0.333],"y":[-0.004,-0.004,0]},"t":8,"s":[0,0,100]},{"i":{"x":[0.437,0.437,0.667],"y":[1,1,1]},"o":{"x":[0.583,0.583,0.333],"y":[-0.012,0.038,0]},"t":14,"s":[85.322,105.524,100]},{"i":{"x":[0.513,0.513,0.667],"y":[1,1,1]},"o":{"x":[0.5,0.5,0.333],"y":[0.024,-0.108,0]},"t":18,"s":[110.675,97.79,100]},{"i":{"x":[0.702,0.702,0.833],"y":[1,1,1]},"o":{"x":[0.31,0.31,0.167],"y":[-0.056,0.212,0]},"t":24,"s":[95.107,101.289,100]},{"t":31,"s":[100,100,100]}],"ix":6}},"ao":0,"shapes":[{"ty":"gr","it":[{"ind":0,"ty":"sh","ix":1,"ks":{"a":0,"k":{"i":[[-52.317,63.559],[52.317,63.559],[52.317,-63.559],[-52.317,-63.559]],"o":[[-52.317,63.559],[52.317,63.559],[52.317,-63.559],[-52.317,-63.559]],"v":[[-52.317,63.559],[52.317,63.559],[52.317,-63.559],[-52.317,-63.559]],"c":true},"ix":2},"nm":"Path 1","mn":"ADBE Vector Shape - Group","hd":false,"_render":true},{"ty":"fl","c":{"a":0,"k":[0.3599,0.648,0.9001,1],"ix":4,"x":"var $bm_rt;\n$bm_rt = comp('Artwork 29').layer('Adjustment Layer 38').effect('Color Control 4')('Color');"},"o":{"a":0,"k":100,"ix":5},"r":1,"bm":0,"nm":"Fill 1","mn":"ADBE Vector Graphic - Fill","hd":false,"_render":true},{"ty":"tr","p":{"a":0,"k":[609.205,256.396],"ix":2},"a":{"a":0,"k":[0,0],"ix":1},"s":{"a":0,"k":[100,100],"ix":3},"r":{"a":0,"k":0,"ix":6},"o":{"a":0,"k":100,"ix":7},"sk":{"a":0,"k":0,"ix":4},"sa":{"a":0,"k":0,"ix":5},"nm":"Transform","_render":true}],"nm":"Group 35","np":2,"cix":2,"bm":0,"ix":1,"mn":"ADBE Vector Group","hd":false,"_render":true}],"ip":8,"op":1799,"st":0,"bm":0,"completed":true},{"ddd":0,"ind":34,"ty":4,"nm":"Group 36","sr":1,"ks":{"o":{"a":0,"k":100,"ix":11},"r":{"a":0,"k":0,"ix":10},"p":{"a":1,"k":[{"i":{"x":0.667,"y":1},"o":{"x":0.333,"y":0},"t":10,"s":[1144.758,719.955,0],"to":null,"ti":null},{"i":{"x":0.667,"y":1},"o":{"x":0.333,"y":0},"t":13,"s":[1144.758,659.955,0],"to":null,"ti":null},{"i":{"x":0.667,"y":1},"o":{"x":0.333,"y":0},"t":17,"s":[1144.758,699.955,0],"to":null,"ti":null},{"i":{"x":0.667,"y":1},"o":{"x":0.333,"y":0},"t":23,"s":[1144.758,684.955,0],"to":null,"ti":null},{"t":30,"s":[1144.758,699.955,0]}],"ix":2},"a":{"a":0,"k":[525.758,319.955,0],"ix":1},"s":{"a":1,"k":[{"i":{"x":[0.513,0.513,0.667],"y":[1,1,1]},"o":{"x":[0.5,0.5,0.333],"y":[-0.004,-0.004,0]},"t":10,"s":[0,0,100]},{"i":{"x":[0.437,0.437,0.667],"y":[1,1,1]},"o":{"x":[0.583,0.583,0.333],"y":[-0.012,0.038,0]},"t":16,"s":[85.322,105.524,100]},{"i":{"x":[0.513,0.513,0.667],"y":[1,1,1]},"o":{"x":[0.5,0.5,0.333],"y":[0.024,-0.108,0]},"t":20,"s":[110.675,97.79,100]},{"i":{"x":[0.702,0.702,0.833],"y":[1,1,1]},"o":{"x":[0.31,0.31,0.167],"y":[-0.056,0.212,0]},"t":26,"s":[95.107,101.289,100]},{"t":33,"s":[100,100,100]}],"ix":6}},"ao":0,"shapes":[{"ty":"gr","it":[{"ind":0,"ty":"sh","ix":1,"ks":{"a":0,"k":{"i":[[-77.665,-78.388],[-77.665,78.388],[-46.536,78.388],[-46.536,-48.729],[77.666,-48.729],[77.666,-78.388]],"o":[[-77.665,-78.388],[-77.665,78.388],[-46.536,78.388],[-46.536,-48.729],[77.666,-48.729],[77.666,-78.388]],"v":[[-77.665,-78.388],[-77.665,78.388],[-46.536,78.388],[-46.536,-48.729],[77.666,-48.729],[77.666,-78.388]],"c":true},"ix":2},"nm":"Path 1","mn":"ADBE Vector Shape - Group","hd":false,"_render":true},{"ty":"fl","c":{"a":0,"k":[0.6,0.8133,1,1],"ix":4},"o":{"a":0,"k":100,"ix":5},"r":1,"bm":0,"nm":"Fill 1","mn":"ADBE Vector Graphic - Fill","hd":false,"_render":true},{"ty":"tr","p":{"a":0,"k":[603.423,241.567],"ix":2},"a":{"a":0,"k":[0,0],"ix":1},"s":{"a":0,"k":[100,100],"ix":3},"r":{"a":0,"k":0,"ix":6},"o":{"a":0,"k":100,"ix":7},"sk":{"a":0,"k":0,"ix":4},"sa":{"a":0,"k":0,"ix":5},"nm":"Transform","_render":true}],"nm":"Group 36","np":2,"cix":2,"bm":0,"ix":1,"mn":"ADBE Vector Group","hd":false,"_render":true}],"ip":10,"op":1799,"st":0,"bm":0,"completed":true},{"ddd":0,"ind":35,"ty":4,"nm":"Group 37","sr":1,"ks":{"o":{"a":0,"k":100,"ix":11},"r":{"a":0,"k":0,"ix":10},"p":{"a":1,"k":[{"i":{"x":0.667,"y":1},"o":{"x":0.333,"y":0},"t":2,"s":[1088.116,699.955,0],"to":null,"ti":null},{"i":{"x":0.667,"y":1},"o":{"x":0.333,"y":0},"t":5,"s":[1088.116,689.955,0],"to":null,"ti":null},{"i":{"x":0.667,"y":1},"o":{"x":0.333,"y":0},"t":9,"s":[1088.116,699.955,0],"to":null,"ti":null},{"i":{"x":0.667,"y":1},"o":{"x":0.333,"y":0},"t":15,"s":[1088.116,694.955,0],"to":null,"ti":null},{"t":23,"s":[1088.116,699.955,0]}],"ix":2},"a":{"a":0,"k":[469.116,319.955,0],"ix":1},"s":{"a":1,"k":[{"i":{"x":[0.483,0.483,0.667],"y":[1,1,1]},"o":{"x":[0.533,0.533,0.333],"y":[-0.003,-0.003,0]},"t":2,"s":[0,0,100]},{"i":{"x":[0.437,0.437,0.667],"y":[1,1,1]},"o":{"x":[0.583,0.583,0.333],"y":[-0.033,0.009,0]},"t":7,"s":[96.431,122.108,100]},{"i":{"x":[0.513,0.513,0.667],"y":[1,1,1]},"o":{"x":[0.5,0.5,0.333],"y":[0.059,-0.022,0]},"t":11,"s":[105.354,88.096,100]},{"i":{"x":[0.552,0.552,0.667],"y":[1,1,1]},"o":{"x":[0.458,0.458,0.333],"y":[-0.431,0.09,0]},"t":17,"s":[98.929,105.102,100]},{"t":25,"s":[100,100,100]}],"ix":6}},"ao":0,"shapes":[{"ty":"gr","it":[{"ind":0,"ty":"sh","ix":1,"ks":{"a":0,"k":{"i":[[-87.771,5.242],[87.771,5.242],[87.771,-5.242],[-87.771,-5.242]],"o":[[-87.771,5.242],[87.771,5.242],[87.771,-5.242],[-87.771,-5.242]],"v":[[-87.771,5.242],[87.771,5.242],[87.771,-5.242],[-87.771,-5.242]],"c":true},"ix":2},"nm":"Path 1","mn":"ADBE Vector Shape - Group","hd":false,"_render":true},{"ty":"fl","c":{"a":0,"k":[0.0902,0.1529,0.2275,1],"ix":4,"x":"var $bm_rt;\n$bm_rt = comp('Artwork 29').layer('Adjustment Layer 38').effect('Color Control 3')('Color');"},"o":{"a":0,"k":100,"ix":5},"r":1,"bm":0,"nm":"Fill 1","mn":"ADBE Vector Graphic - Fill","hd":false,"_render":true},{"ty":"tr","p":{"a":0,"k":[469.116,314.712],"ix":2},"a":{"a":0,"k":[0,0],"ix":1},"s":{"a":0,"k":[100,100],"ix":3},"r":{"a":0,"k":0,"ix":6},"o":{"a":0,"k":100,"ix":7},"sk":{"a":0,"k":0,"ix":4},"sa":{"a":0,"k":0,"ix":5},"nm":"Transform","_render":true}],"nm":"Group 37","np":2,"cix":2,"bm":0,"ix":1,"mn":"ADBE Vector Group","hd":false,"_render":true}],"ip":2,"op":1799,"st":0,"bm":0,"completed":true},{"ddd":0,"ind":36,"ty":4,"nm":"Group 39 :M","sr":1,"ks":{"o":{"a":0,"k":100,"ix":11},"r":{"a":0,"k":0,"ix":10},"p":{"a":1,"k":[{"i":{"x":0.667,"y":1},"o":{"x":0.333,"y":0},"t":6,"s":[825.234,685.726,0],"to":null,"ti":null},{"i":{"x":0.667,"y":1},"o":{"x":0.333,"y":0},"t":10,"s":[825.234,640.726,0],"to":null,"ti":null},{"i":{"x":0.667,"y":1},"o":{"x":0.333,"y":0},"t":14,"s":[825.234,670.726,0],"to":null,"ti":null},{"i":{"x":0.667,"y":1},"o":{"x":0.333,"y":0},"t":20,"s":[825.234,658.726,0],"to":null,"ti":null},{"t":27,"s":[825.234,670.726,0]}],"ix":2},"a":{"a":0,"k":[825.234,670.726,0],"ix":1},"s":{"a":1,"k":[{"i":{"x":[0.513,0.513,0.667],"y":[1,1,1]},"o":{"x":[0.5,0.5,0.333],"y":[-0.004,-0.004,0]},"t":6,"s":[0,0,100]},{"i":{"x":[0.437,0.437,0.667],"y":[1,1,1]},"o":{"x":[0.583,0.583,0.333],"y":[-0.012,0.038,0]},"t":12,"s":[85.322,105.524,100]},{"i":{"x":[0.694,0.694,0.667],"y":[0.687,0.823,1]},"o":{"x":[0.527,0.527,0.333],"y":[0.019,-0.042,0]},"t":16,"s":[110.675,97.79,100]},{"i":{"x":[0.567,0.567,0.667],"y":[1,1,1]},"o":{"x":[0.258,0.258,0.333],"y":[1.539,-0.167,0]},"t":20,"s":[96.336,104.099,100]},{"i":{"x":[0.702,0.702,0.833],"y":[1,1,1]},"o":{"x":[0.31,0.31,0.167],"y":[-0.056,0.212,0]},"t":22,"s":[95.107,101.289,100]},{"t":29,"s":[100,100,100]}],"ix":6}},"ao":0,"shapes":[{"ty":"gr","it":[{"ty":"gr","it":[{"ind":0,"ty":"sh","ix":1,"ks":{"a":0,"k":{"i":[[35.887,68.964],[-35.887,68.964],[-35.887,-68.964],[35.887,-68.964]],"o":[[35.887,68.964],[-35.887,68.964],[-35.887,-68.964],[35.887,-68.964]],"v":[[35.887,68.964],[-35.887,68.964],[-35.887,-68.964],[35.887,-68.964]],"c":true},"ix":2},"nm":"Path 1","mn":"ADBE Vector Shape - Group","hd":false,"_render":true},{"ty":"fl","c":{"a":0,"k":[0.6,0.8133,1,1],"ix":4,"x":"var $bm_rt;\n$bm_rt = comp('Artwork 29').layer('Adjustment Layer 38').effect('Color Control 2')('Color');"},"o":{"a":0,"k":100,"ix":5},"r":1,"bm":0,"nm":"Fill 1","mn":"ADBE Vector Graphic - Fill","hd":false,"_render":true},{"ty":"tr","p":{"a":0,"k":[295.303,249.262],"ix":2},"a":{"a":0,"k":[0,0],"ix":1},"s":{"a":0,"k":[100,100],"ix":3},"r":{"a":0,"k":0,"ix":6},"o":{"a":0,"k":100,"ix":7},"sk":{"a":0,"k":0,"ix":4},"sa":{"a":0,"k":0,"ix":5},"nm":"Transform","_render":true}],"nm":"Group 39","np":2,"cix":2,"bm":0,"ix":1,"mn":"ADBE Vector Group","hd":false,"_render":true},{"ty":"tr","p":{"a":0,"k":[914.303,560.299],"ix":2},"a":{"a":0,"k":[295.303,180.299],"ix":1},"s":{"a":0,"k":[100,80.062],"ix":3},"r":{"a":0,"k":0,"ix":6},"o":{"a":0,"k":100,"ix":7},"sk":{"a":0,"k":0,"ix":4},"sa":{"a":0,"k":0,"ix":5},"nm":"Transform","_render":true}],"nm":"Group 339","np":1,"cix":2,"bm":0,"ix":1,"mn":"ADBE Vector Group","hd":false,"_render":true},{"ty":"gr","it":[{"ty":"gr","it":[{"ind":0,"ty":"sh","ix":1,"ks":{"a":0,"k":{"i":[[89.068,55.128],[-89.068,55.128],[-89.068,-55.127],[89.068,-55.127]],"o":[[89.068,55.128],[-89.068,55.128],[-89.068,-55.127],[89.068,-55.127]],"v":[[89.068,55.128],[-89.068,55.128],[-89.068,-55.127],[89.068,-55.127]],"c":true},"ix":2},"nm":"Path 1","mn":"ADBE Vector Shape - Group","hd":false,"_render":true},{"ty":"fl","c":{"a":0,"k":[0.6,0.8133,1,1],"ix":4},"o":{"a":0,"k":100,"ix":5},"r":1,"bm":0,"nm":"Fill 1","mn":"ADBE Vector Graphic - Fill","hd":false,"_render":true},{"ty":"tr","p":{"a":0,"k":[170.347,235.426],"ix":2},"a":{"a":0,"k":[0,0],"ix":1},"s":{"a":0,"k":[100,100],"ix":3},"r":{"a":0,"k":0,"ix":6},"o":{"a":0,"k":100,"ix":7},"sk":{"a":0,"k":0,"ix":4},"sa":{"a":0,"k":0,"ix":5},"nm":"Transform","_render":true}],"nm":"Group 41","np":2,"cix":2,"bm":0,"ix":1,"mn":"ADBE Vector Group","hd":false,"_render":true},{"ty":"tr","p":{"a":0,"k":[789.347,615.427],"ix":2},"a":{"a":0,"k":[170.347,235.426],"ix":1},"s":{"a":0,"k":[100,100],"ix":3},"r":{"a":0,"k":0,"ix":6},"o":{"a":0,"k":100,"ix":7},"sk":{"a":0,"k":0,"ix":4},"sa":{"a":0,"k":0,"ix":5},"nm":"Transform","_render":true}],"nm":"Group 441","np":1,"cix":2,"bm":0,"ix":2,"mn":"ADBE Vector Group","hd":false,"_render":true}],"ip":6,"op":1799,"st":0,"bm":0,"completed":true},{"ddd":0,"ind":37,"ty":4,"nm":"Group 40","sr":1,"ks":{"o":{"a":0,"k":100,"ix":11},"r":{"a":0,"k":0,"ix":10},"p":{"a":1,"k":[{"i":{"x":0.667,"y":1},"o":{"x":0.333,"y":0},"t":4,"s":[1062.607,724.955,0],"to":null,"ti":null},{"i":{"x":0.667,"y":1},"o":{"x":0.333,"y":0},"t":7,"s":[1062.607,654.955,0],"to":null,"ti":null},{"i":{"x":0.667,"y":1},"o":{"x":0.333,"y":0},"t":11,"s":[1062.607,699.955,0],"to":null,"ti":null},{"i":{"x":0.667,"y":1},"o":{"x":0.333,"y":0},"t":17,"s":[1062.607,676.955,0],"to":null,"ti":null},{"t":24,"s":[1062.607,699.955,0]}],"ix":2},"a":{"a":0,"k":[443.607,319.955,0],"ix":1},"s":{"a":1,"k":[{"i":{"x":[0.513,0.513,0.667],"y":[1,1,1]},"o":{"x":[0.5,0.5,0.333],"y":[-0.004,-0.004,0]},"t":4,"s":[0,0,100]},{"i":{"x":[0.437,0.437,0.667],"y":[1,1,1]},"o":{"x":[0.583,0.583,0.333],"y":[-0.012,0.038,0]},"t":10,"s":[85.322,105.524,100]},{"i":{"x":[0.513,0.513,0.667],"y":[1,1,1]},"o":{"x":[0.5,0.5,0.333],"y":[0.02,-0.085,0]},"t":14,"s":[110.675,97.79,100]},{"i":{"x":[0.702,0.702,0.833],"y":[1,1,1]},"o":{"x":[0.31,0.31,0.167],"y":[-0.034,0.123,0]},"t":20,"s":[91.994,102.21,100]},{"t":27,"s":[100,100,100]}],"ix":6}},"ao":0,"shapes":[{"ty":"gr","it":[{"ind":0,"ty":"sh","ix":1,"ks":{"a":0,"k":{"i":[[-112.417,135.765],[112.417,135.765],[112.417,-135.765],[-112.417,-135.765]],"o":[[-112.417,135.765],[112.417,135.765],[112.417,-135.765],[-112.417,-135.765]],"v":[[-112.417,135.765],[112.417,135.765],[112.417,-135.765],[-112.417,-135.765]],"c":true},"ix":2},"nm":"Path 1","mn":"ADBE Vector Shape - Group","hd":false,"_render":true},{"ty":"fl","c":{"a":0,"k":[0.244,0.601,0.856,1],"ix":4,"x":"var $bm_rt;\n$bm_rt = comp('Artwork 29').layer('Adjustment Layer 38').effect('Color Control')('Color');"},"o":{"a":0,"k":100,"ix":5},"r":1,"bm":0,"nm":"Fill 1","mn":"ADBE Vector Graphic - Fill","hd":false,"_render":true},{"ty":"tr","p":{"a":0,"k":[443.607,184.19],"ix":2},"a":{"a":0,"k":[0,0],"ix":1},"s":{"a":0,"k":[100,100],"ix":3},"r":{"a":0,"k":0,"ix":6},"o":{"a":0,"k":100,"ix":7},"sk":{"a":0,"k":0,"ix":4},"sa":{"a":0,"k":0,"ix":5},"nm":"Transform","_render":true}],"nm":"Group 40","np":2,"cix":2,"bm":0,"ix":1,"mn":"ADBE Vector Group","hd":false,"_render":true}],"ip":4,"op":1799,"st":0,"bm":0,"completed":true},{"ddd":0,"ind":38,"ty":4,"nm":"Group 42","sr":1,"ks":{"o":{"a":0,"k":100,"ix":11},"r":{"a":0,"k":0,"ix":10},"p":{"a":1,"k":[{"i":{"x":0.667,"y":1},"o":{"x":0.333,"y":0},"t":12,"s":[788.482,575.299,0],"to":null,"ti":null},{"i":{"x":0.667,"y":1},"o":{"x":0.333,"y":0},"t":16,"s":[788.482,540.299,0],"to":null,"ti":null},{"i":{"x":0.667,"y":1},"o":{"x":0.333,"y":0},"t":20,"s":[788.482,560.299,0],"to":null,"ti":null},{"i":{"x":0.667,"y":1},"o":{"x":0.333,"y":0},"t":26,"s":[788.482,551.799,0],"to":null,"ti":null},{"t":33,"s":[788.482,560.299,0]}],"ix":2},"a":{"a":0,"k":[169.482,180.299,0],"ix":1},"s":{"a":1,"k":[{"i":{"x":[0.513,0.513,0.667],"y":[1,1,1]},"o":{"x":[0.5,0.5,0.333],"y":[-0.004,-0.004,0]},"t":12,"s":[0,0,100]},{"i":{"x":[0.437,0.437,0.667],"y":[1,1,1]},"o":{"x":[0.583,0.583,0.333],"y":[-0.012,0.038,0]},"t":18,"s":[85.322,105.524,100]},{"i":{"x":[0.513,0.513,0.667],"y":[1,1,1]},"o":{"x":[0.5,0.5,0.333],"y":[0.024,-0.108,0]},"t":22,"s":[110.675,97.79,100]},{"i":{"x":[0.702,0.702,0.833],"y":[1,1,1]},"o":{"x":[0.31,0.31,0.167],"y":[-0.056,0.212,0]},"t":28,"s":[95.107,101.289,100]},{"t":35,"s":[100,100,100]}],"ix":6}},"ao":0,"shapes":[{"ty":"gr","it":[{"ind":0,"ty":"sh","ix":1,"ks":{"a":0,"k":{"i":[[-104.635,90.15],[104.635,90.15],[104.635,-90.15],[-104.635,-90.15]],"o":[[-104.635,90.15],[104.635,90.15],[104.635,-90.15],[-104.635,-90.15]],"v":[[-104.635,90.15],[104.635,90.15],[104.635,-90.15],[-104.635,-90.15]],"c":true},"ix":2},"nm":"Path 1","mn":"ADBE Vector Shape - Group","hd":false,"_render":true},{"ty":"fl","c":{"a":0,"k":[0.244,0.601,0.856,1],"ix":4,"x":"var $bm_rt;\n$bm_rt = comp('Artwork 29').layer('Adjustment Layer 38').effect('Color Control')('Color');"},"o":{"a":0,"k":100,"ix":5},"r":1,"bm":0,"nm":"Fill 1","mn":"ADBE Vector Graphic - Fill","hd":false,"_render":true},{"ty":"tr","p":{"a":0,"k":[169.482,90.149],"ix":2},"a":{"a":0,"k":[0,0],"ix":1},"s":{"a":0,"k":[100,100],"ix":3},"r":{"a":0,"k":0,"ix":6},"o":{"a":0,"k":100,"ix":7},"sk":{"a":0,"k":0,"ix":4},"sa":{"a":0,"k":0,"ix":5},"nm":"Transform","_render":true}],"nm":"Group 42","np":2,"cix":2,"bm":0,"ix":1,"mn":"ADBE Vector Group","hd":false,"_render":true}],"ip":12,"op":1801,"st":2,"bm":0,"completed":true},{"ddd":0,"ind":39,"ty":4,"nm":"Group 43","sr":1,"ks":{"o":{"a":0,"k":100,"ix":11},"r":{"a":0,"k":0,"ix":10},"p":{"a":1,"k":[{"i":{"x":0.667,"y":1},"o":{"x":0.333,"y":0},"t":7,"s":[921.653,580.299,0],"to":null,"ti":null},{"i":{"x":0.667,"y":1},"o":{"x":0.333,"y":0},"t":11,"s":[921.653,520.299,0],"to":null,"ti":null},{"i":{"x":0.667,"y":1},"o":{"x":0.333,"y":0},"t":15,"s":[921.653,560.299,0],"to":null,"ti":null},{"i":{"x":0.667,"y":1},"o":{"x":0.333,"y":0},"t":21,"s":[921.653,547.299,0],"to":null,"ti":null},{"t":28,"s":[921.653,560.299,0]}],"ix":2},"a":{"a":0,"k":[302.653,180.299,0],"ix":1},"s":{"a":1,"k":[{"i":{"x":[0.513,0.513,0.667],"y":[1,1,1]},"o":{"x":[0.5,0.5,0.333],"y":[-0.005,-0.004,0]},"t":7,"s":[0,0,100]},{"i":{"x":[0.437,0.437,0.667],"y":[1,1,1]},"o":{"x":[0.583,0.583,0.333],"y":[-0.009,0.034,0]},"t":13,"s":[76.562,106.456,100]},{"i":{"x":[0.513,0.513,0.667],"y":[1,1,1]},"o":{"x":[0.5,0.5,0.333],"y":[0.024,-0.108,0]},"t":17,"s":[110.675,97.79,100]},{"i":{"x":[0.702,0.702,0.833],"y":[1,1,1]},"o":{"x":[0.31,0.31,0.167],"y":[-0.056,0.212,0]},"t":23,"s":[95.107,101.289,100]},{"t":30,"s":[100,100,100]}],"ix":6}},"ao":0,"shapes":[{"ty":"gr","it":[{"ind":0,"ty":"sh","ix":1,"ks":{"a":0,"k":{"i":[[-28.536,-53.687],[-28.536,-21.979],[-28.536,53.687],[28.536,53.687],[28.536,-21.979],[28.536,-53.687]],"o":[[-28.536,-53.687],[-28.536,-21.979],[-28.536,53.687],[28.536,53.687],[28.536,-21.979],[28.536,-53.687]],"v":[[-28.536,-53.687],[-28.536,-21.979],[-28.536,53.687],[28.536,53.687],[28.536,-21.979],[28.536,-53.687]],"c":true},"ix":2},"nm":"Path 1","mn":"ADBE Vector Shape - Group","hd":false,"_render":true},{"ty":"fl","c":{"a":0,"k":[0.6,0.8133,1,1],"ix":4,"x":"var $bm_rt;\n$bm_rt = comp('Artwork 29').layer('Adjustment Layer 38').effect('Color Control 2')('Color');"},"o":{"a":0,"k":100,"ix":5},"r":1,"bm":0,"nm":"Fill 1","mn":"ADBE Vector Graphic - Fill","hd":false,"_render":true},{"ty":"tr","p":{"a":0,"k":[302.653,126.613],"ix":2},"a":{"a":0,"k":[0,0],"ix":1},"s":{"a":0,"k":[100,100],"ix":3},"r":{"a":0,"k":0,"ix":6},"o":{"a":0,"k":100,"ix":7},"sk":{"a":0,"k":0,"ix":4},"sa":{"a":0,"k":0,"ix":5},"nm":"Transform","_render":true}],"nm":"Group 43","np":2,"cix":2,"bm":0,"ix":1,"mn":"ADBE Vector Group","hd":false,"_render":true}],"ip":7,"op":1799,"st":0,"bm":0,"completed":true}],"markers":[],"__complete":true}