{"v":"5.7.3","fr":60,"ip":0,"op":180,"w":1920,"h":1920,"nm":"animation","ddd":0,"assets":[],"layers":[{"ddd":0,"ind":1,"ty":4,"nm":"Tick","parent":4,"sr":1,"ks":{"o":{"a":1,"k":[{"i":{"x":[0.833],"y":[0.833]},"o":{"x":[0.167],"y":[0.167]},"t":0,"s":[0]},{"i":{"x":[0.833],"y":[0.833]},"o":{"x":[0.167],"y":[0.167]},"t":3.115,"s":[100]},{"t":20.796875,"s":[100]}],"ix":11},"r":{"a":1,"k":[{"i":{"x":[0.667],"y":[1]},"o":{"x":[0.333],"y":[0]},"t":12,"s":[-165]},{"t":39,"s":[0]}],"ix":10},"p":{"a":0,"k":[346.916,346.917,0],"ix":2},"a":{"a":0,"k":[278.033,227.218,0],"ix":1},"s":{"a":1,"k":[{"i":{"x":[0.667,0.667,0.667],"y":[1,1,1]},"o":{"x":[0.333,0.333,0.333],"y":[0,0,0]},"t":19.533,"s":[20,20,100]},{"t":38.48046875,"s":[100,100,100]}],"ix":6}},"ao":0,"shapes":[{"ty":"gr","it":[{"ind":0,"ty":"sh","ix":1,"ks":{"a":0,"k":{"i":[[-153.033,0.588],[-51.404,102.218],[153.032,-102.218]],"o":[[-153.033,0.588],[-51.404,102.218],[153.032,-102.218]],"v":[[-153.033,0.588],[-51.404,102.218],[153.032,-102.218]],"c":false},"ix":2},"nm":"Path 1","mn":"ADBE Vector Shape - Group","hd":false,"_render":true},{"ty":"st","c":{"a":0,"k":[1,1,1,1],"ix":3},"o":{"a":0,"k":100,"ix":4},"w":{"a":0,"k":55,"ix":5},"lc":2,"lj":2,"bm":0,"nm":"Stroke 1","mn":"ADBE Vector Graphic - Stroke","hd":false,"_render":true},{"ty":"tr","p":{"a":0,"k":[278.033,227.218],"ix":2},"a":{"a":0,"k":[0,0],"ix":1},"s":{"a":0,"k":[100,100],"ix":3},"r":{"a":0,"k":0,"ix":6},"o":{"a":0,"k":100,"ix":7},"sk":{"a":0,"k":0,"ix":4},"sa":{"a":0,"k":0,"ix":5},"nm":"Transform","_render":true}],"nm":"Group 1","np":2,"cix":2,"bm":0,"ix":1,"mn":"ADBE Vector Group","hd":false,"_render":true},{"ty":"tm","s":{"a":0,"k":0,"ix":1},"e":{"a":1,"k":[{"i":{"x":[0.33],"y":[1]},"o":{"x":[0.67],"y":[0]},"t":20.164,"s":[0]},{"t":38.48046875,"s":[100]}],"ix":2},"o":{"a":0,"k":0,"ix":3},"m":1,"ix":2,"nm":"Trim Paths 1","mn":"ADBE Vector Filter - Trim","hd":false,"_render":true}],"ip":0,"op":1800,"st":0,"bm":0,"completed":true},{"ddd":0,"ind":2,"ty":4,"nm":"Glow Mask","td":1,"sr":1,"ks":{"o":{"a":1,"k":[{"i":{"x":[0.833],"y":[0.833]},"o":{"x":[0.167],"y":[0.167]},"t":0,"s":[0]},{"i":{"x":[0.833],"y":[0.833]},"o":{"x":[0.167],"y":[0.167]},"t":3.115,"s":[100]},{"t":20.796875,"s":[100]}],"ix":11},"r":{"a":0,"k":0,"ix":10},"p":{"a":1,"k":[{"i":{"x":0.783,"y":0.48},"o":{"x":0.506,"y":0},"t":0,"s":[1099.01,1187.835,0],"to":[-51.058,-20.951,0],"ti":[23.519,29.424,0]},{"i":{"x":0.576,"y":1},"o":{"x":0.337,"y":0.496},"t":19.533,"s":[989.155,1114.015,0],"to":[-26.997,-33.775,0],"ti":[3.563,56.649,0]},{"t":32.1640625,"s":[947.01,981.835,0]}],"ix":2},"a":{"a":0,"k":[346.917,346.917,0],"ix":1},"s":{"a":1,"k":[{"i":{"x":[0.667,0.667,0.667],"y":[1,1,1]},"o":{"x":[0.333,0.333,0.333],"y":[0,0,0]},"t":19.533,"s":[20,20,100]},{"i":{"x":[0.833,0.833,0.833],"y":[1,1,1]},"o":{"x":[0.333,0.333,0.333],"y":[0,0,0]},"t":38.48,"s":[110,110,100]},{"i":{"x":[0.833,0.833,0.833],"y":[1,1,1]},"o":{"x":[0.167,0.167,0.167],"y":[0,0,0]},"t":51.109,"s":[95,95,100]},{"i":{"x":[0.833,0.833,0.833],"y":[1,1,1]},"o":{"x":[0.167,0.167,0.167],"y":[0,0,0]},"t":58.688,"s":[102,102,100]},{"i":{"x":[0.833,0.833,0.833],"y":[1,1,1]},"o":{"x":[0.167,0.167,0.167],"y":[0,0,0]},"t":63.74,"s":[98,98,100]},{"t":70.0546875,"s":[100,100,100]}],"ix":6}},"ao":0,"shapes":[{"ty":"gr","it":[{"ind":0,"ty":"sh","ix":1,"ks":{"a":0,"k":{"i":[[346.667,-191.459],[191.459,346.667],[-346.667,191.458],[-191.458,-346.666]],"o":[[346.667,191.458],[-191.458,346.667],[-346.667,-191.459],[191.459,-346.666]],"v":[[346.667,0],[0,346.667],[-346.667,0],[0,-346.666]],"c":true},"ix":2},"nm":"Path 1","mn":"ADBE Vector Shape - Group","hd":false,"_render":true},{"ty":"fl","c":{"a":0,"k":[0,0.7765,1,1],"ix":4},"o":{"a":0,"k":100,"ix":5},"r":1,"bm":0,"nm":"Fill 1","mn":"ADBE Vector Graphic - Fill","hd":false,"_render":true},{"ty":"tr","p":{"a":0,"k":[346.916,346.917],"ix":2},"a":{"a":0,"k":[0,0],"ix":1},"s":{"a":0,"k":[100,100],"ix":3},"r":{"a":0,"k":0,"ix":6},"o":{"a":0,"k":100,"ix":7},"sk":{"a":0,"k":0,"ix":4},"sa":{"a":0,"k":0,"ix":5},"nm":"Transform","_render":true}],"nm":"Group 1","np":2,"cix":2,"bm":0,"ix":1,"mn":"ADBE Vector Group","hd":false,"_render":true}],"ip":0,"op":1800,"st":0,"bm":0,"completed":true},{"ddd":0,"ind":3,"ty":4,"nm":"Glow","tt":1,"sr":1,"ks":{"o":{"a":1,"k":[{"i":{"x":[0.833],"y":[1]},"o":{"x":[0.167],"y":[0]},"t":0,"s":[0]},{"i":{"x":[0.833],"y":[1]},"o":{"x":[0.167],"y":[0]},"t":3.115,"s":[100]},{"i":{"x":[0.833],"y":[0.643]},"o":{"x":[0.72],"y":[0]},"t":70.055,"s":[100]},{"t":89,"s":[0]}],"ix":11},"r":{"a":0,"k":0,"ix":10},"p":{"a":1,"k":[{"i":{"x":0.833,"y":0.788},"o":{"x":0.72,"y":0},"t":59.951,"s":[56,440,0],"to":[226.667,131.333,0],"ti":[-226.667,-131.333,0]},{"t":89,"s":[1416,1228,0]}],"ix":2},"a":{"a":0,"k":[0,0,0],"ix":1},"s":{"a":0,"k":[100,100,100],"ix":6}},"ao":0,"shapes":[{"ty":"gr","it":[{"ind":0,"ty":"sh","ix":1,"ks":{"a":0,"k":{"i":[[211.999,-440],[-131.34500000000003,281.947],[-136,648],[519.6460000000001,568.072]],"o":[[211.999,-440],[-488.868,279.951],[-136,648],[480.18,-406.283]],"v":[[211.999,-440],[-480,280],[-136,648],[483.999,-312]],"c":true},"ix":2},"nm":"Path 1","mn":"ADBE Vector Shape - Group","hd":false,"_render":true},{"ty":"fl","c":{"a":0,"k":[0.5725,0.6549,0.9961,1],"ix":4},"o":{"a":0,"k":30,"ix":5},"r":1,"bm":0,"nm":"Fill 1","mn":"ADBE Vector Graphic - Fill","hd":false,"_render":true},{"ty":"tr","p":{"a":0,"k":[0,0],"ix":2},"a":{"a":0,"k":[0,0],"ix":1},"s":{"a":0,"k":[100,100],"ix":3},"r":{"a":0,"k":0,"ix":6},"o":{"a":0,"k":100,"ix":7},"sk":{"a":0,"k":0,"ix":4},"sa":{"a":0,"k":0,"ix":5},"nm":"Transform","_render":true}],"nm":"Shape 1","np":3,"cix":2,"bm":0,"ix":1,"mn":"ADBE Vector Group","hd":false,"_render":true}],"ip":0,"op":1800,"st":0,"bm":0,"completed":true},{"ddd":0,"ind":4,"ty":4,"nm":"Background Circle (Blue)","sr":1,"ks":{"o":{"a":1,"k":[{"i":{"x":[0.833],"y":[0.833]},"o":{"x":[0.167],"y":[0.167]},"t":0,"s":[0]},{"i":{"x":[0.833],"y":[0.833]},"o":{"x":[0.167],"y":[0.167]},"t":8,"s":[100]},{"t":20.796875,"s":[100]}],"ix":11},"r":{"a":0,"k":0,"ix":10},"p":{"a":0,"k":[960,960,0],"ix":2},"a":{"a":0,"k":[346.917,346.917,0],"ix":1},"s":{"a":1,"k":[{"i":{"x":[0.667,0.667,0.667],"y":[1,1,1]},"o":{"x":[0.333,0.333,0.333],"y":[0,0,0]},"t":19.533,"s":[20,20,100]},{"i":{"x":[0.833,0.833,0.833],"y":[1,1,1]},"o":{"x":[0.333,0.333,0.333],"y":[0,0,0]},"t":39,"s":[110,110,100]},{"i":{"x":[0.833,0.833,0.833],"y":[1,1,1]},"o":{"x":[0.167,0.167,0.167],"y":[0,0,0]},"t":51.109,"s":[95,95,100]},{"i":{"x":[0.833,0.833,0.833],"y":[1,1,1]},"o":{"x":[0.167,0.167,0.167],"y":[0,0,0]},"t":58.688,"s":[102,102,100]},{"i":{"x":[0.833,0.833,0.833],"y":[1,1,1]},"o":{"x":[0.167,0.167,0.167],"y":[0,0,0]},"t":63.74,"s":[98,98,100]},{"t":70.0546875,"s":[100,100,100]}],"ix":6}},"ao":0,"shapes":[{"ty":"gr","it":[{"ind":0,"ty":"sh","ix":1,"ks":{"a":0,"k":{"i":[[346.667,-191.459],[191.459,346.667],[-346.667,191.458],[-191.458,-346.666]],"o":[[346.667,191.458],[-191.458,346.667],[-346.667,-191.459],[191.459,-346.666]],"v":[[346.667,0],[0,346.667],[-346.667,0],[0,-346.666]],"c":true},"ix":2},"nm":"Path 1","mn":"ADBE Vector Shape - Group","hd":false,"_render":true},{"ty":"fl","c":{"a":0,"k":[0.3048,0.4069,0.8152,1],"ix":4},"o":{"a":0,"k":100,"ix":5},"r":1,"bm":0,"nm":"Fill 1","mn":"ADBE Vector Graphic - Fill","hd":false,"_render":true},{"ty":"tr","p":{"a":0,"k":[346.916,346.917],"ix":2},"a":{"a":0,"k":[0,0],"ix":1},"s":{"a":0,"k":[100,100],"ix":3},"r":{"a":0,"k":0,"ix":6},"o":{"a":0,"k":100,"ix":7},"sk":{"a":0,"k":0,"ix":4},"sa":{"a":0,"k":0,"ix":5},"nm":"Transform","_render":true}],"nm":"Group 1","np":2,"cix":2,"bm":0,"ix":1,"mn":"ADBE Vector Group","hd":false,"_render":true}],"ip":0,"op":1800,"st":0,"bm":0,"completed":true},{"ddd":0,"ind":6,"ty":4,"nm":"Element 11","sr":1,"ks":{"o":{"a":1,"k":[{"i":{"x":[0.833],"y":[1]},"o":{"x":[0.167],"y":[0]},"t":10.793,"s":[0]},{"i":{"x":[0.833],"y":[1]},"o":{"x":[0.167],"y":[0]},"t":12.871,"s":[100]},{"i":{"x":[0.833],"y":[0.601]},"o":{"x":[0.72],"y":[0]},"t":27.42,"s":[100]},{"t":56,"s":[0]}],"ix":11},"r":{"a":0,"k":0,"ix":10},"p":{"a":1,"k":[{"i":{"x":0.33,"y":1},"o":{"x":0.174,"y":0},"t":15.99,"s":[957.368,957.581,0],"to":[-154.333,61,0],"ti":[34.333,-69,0]},{"t":32.615234375,"s":[774.545,1455.048,0]}],"ix":2},"a":{"a":0,"k":[88.379,84.132,0],"ix":1},"s":{"a":0,"k":[100,100,100],"ix":6}},"ao":0,"shapes":[{"ty":"gr","it":[{"ind":0,"ty":"sh","ix":1,"ks":{"a":0,"k":{"i":[[-25.635,34.132],[-34.433,-7.2159999999999975],[25.562999999999995,-31.537999999999997],[38.379,-14.837]],"o":[[-38.378,17.523999999999997],[0.6450000000000031,-34.131],[38.306,-14.931],[38.379,-14.837]],"v":[[-25.635,34.132],[-16.894,-20.673],[38.306,-14.931],[38.379,-14.837]],"c":false},"ix":2},"nm":"Path 1","mn":"ADBE Vector Shape - Group","hd":false},{"ty":"st","c":{"a":0,"k":[0.2773,0.5792,0.6627,1],"ix":3},"o":{"a":0,"k":100,"ix":4},"w":{"a":0,"k":20,"ix":5},"lc":2,"lj":2,"bm":0,"nm":"Stroke 1","mn":"ADBE Vector Graphic - Stroke","hd":false},{"ty":"tr","p":{"a":0,"k":[88.378,84.131],"ix":2},"a":{"a":0,"k":[0,0],"ix":1},"s":{"a":0,"k":[100,100],"ix":3},"r":{"a":0,"k":0,"ix":6},"o":{"a":0,"k":100,"ix":7},"sk":{"a":0,"k":0,"ix":4},"sa":{"a":0,"k":0,"ix":5},"nm":"Transform"}],"nm":"Group 1","np":2,"cix":2,"bm":0,"ix":1,"mn":"ADBE Vector Group","hd":false}],"ip":15,"op":1815,"st":15,"bm":0,"completed":true},{"ddd":0,"ind":7,"ty":4,"nm":"Element 10","sr":1,"ks":{"o":{"a":1,"k":[{"i":{"x":[0.833],"y":[1]},"o":{"x":[0.167],"y":[0]},"t":10.793,"s":[0]},{"i":{"x":[0.833],"y":[1]},"o":{"x":[0.167],"y":[0]},"t":12.871,"s":[100]},{"i":{"x":[0.833],"y":[0.601]},"o":{"x":[0.72],"y":[0]},"t":27.42,"s":[100]},{"t":56,"s":[0]}],"ix":11},"r":{"a":0,"k":0,"ix":10},"p":{"a":1,"k":[{"i":{"x":0.33,"y":1},"o":{"x":0.229,"y":0},"t":15.99,"s":[960,960,0],"to":[59.019,77.842,0],"ti":[-71.667,-48,0]},{"t":34.6953125,"s":[1314.113,1427.051,0]}],"ix":2},"a":{"a":0,"k":[33.514,41.664,0],"ix":1},"s":{"a":0,"k":[100,100,100],"ix":6}},"ao":0,"shapes":[{"ty":"gr","it":[{"ind":0,"ty":"sh","ix":1,"ks":{"a":0,"k":{"i":[[32.14,27.16],[10.732,39.52],[3.255,40.29],[-31.37,-19.681],[-32.14,-27.159000000000002],[-10.732,-39.519],[-3.255,-40.290000000000006],[31.37,19.683]],"o":[[28.859,29.055],[7.450999999999999,41.414],[1.361,37.009],[-33.264,-22.964000000000002],[-28.859,-29.053],[-7.450999999999999,-41.414],[-1.361,-37.008],[33.264,22.964]],"v":[[28.859,29.055],[10.732,39.52],[1.361,37.009],[-31.37,-19.681],[-28.859,-29.053],[-10.732,-39.519],[-1.361,-37.008],[31.37,19.683]],"c":true},"ix":2},"nm":"Path 1","mn":"ADBE Vector Shape - Group","hd":false},{"ty":"fl","c":{"a":0,"k":[0.278,0.4148,0.962,1],"ix":4},"o":{"a":0,"k":100,"ix":5},"r":1,"bm":0,"nm":"Fill 1","mn":"ADBE Vector Graphic - Fill","hd":false},{"ty":"tr","p":{"a":0,"k":[33.514,41.664],"ix":2},"a":{"a":0,"k":[0,0],"ix":1},"s":{"a":0,"k":[100,100],"ix":3},"r":{"a":0,"k":0,"ix":6},"o":{"a":0,"k":100,"ix":7},"sk":{"a":0,"k":0,"ix":4},"sa":{"a":0,"k":0,"ix":5},"nm":"Transform"}],"nm":"Group 1","np":2,"cix":2,"bm":0,"ix":1,"mn":"ADBE Vector Group","hd":false}],"ip":15,"op":1815,"st":15,"bm":0,"completed":true},{"ddd":0,"ind":8,"ty":4,"nm":"Element 9","sr":1,"ks":{"o":{"a":1,"k":[{"i":{"x":[0.833],"y":[1]},"o":{"x":[0.167],"y":[0]},"t":10.793,"s":[0]},{"i":{"x":[0.833],"y":[1]},"o":{"x":[0.167],"y":[0]},"t":12.871,"s":[100]},{"i":{"x":[0.833],"y":[0.601]},"o":{"x":[0.72],"y":[0]},"t":27.42,"s":[100]},{"t":56,"s":[0]}],"ix":11},"r":{"a":0,"k":0,"ix":10},"p":{"a":1,"k":[{"i":{"x":0.33,"y":1},"o":{"x":0.189,"y":0},"t":15.99,"s":[961.262,961.213,0],"to":[70.333,-5.667,0],"ti":[-62.333,-30.333,0]},{"t":33.134765625,"s":[1420.768,1239.936,0]}],"ix":2},"a":{"a":0,"k":[60.548,78.82,0],"ix":1},"s":{"a":0,"k":[100,100,100],"ix":6}},"ao":0,"shapes":[{"ty":"gr","it":[{"ind":0,"ty":"sh","ix":1,"ks":{"a":0,"k":{"i":[[-12.409,-41.32],[23.048,-18.302],[-2.1769999999999996,41.32],[-23.008999999999997,38.576]],"o":[[8.345,-38.587],[17.276,25.533],[-22.97,38.580999999999996],[-23.048,38.571]],"v":[[-12.409,-41.32],[20.162,3.615],[-22.93,38.586],[-23.048,38.571]],"c":false},"ix":2},"nm":"Path 1","mn":"ADBE Vector Shape - Group","hd":false},{"ty":"st","c":{"a":0,"k":[0.1464,0.3118,0.9736,1],"ix":3},"o":{"a":0,"k":100,"ix":4},"w":{"a":0,"k":15,"ix":5},"lc":2,"lj":2,"bm":0,"nm":"Stroke 1","mn":"ADBE Vector Graphic - Stroke","hd":false},{"ty":"tr","p":{"a":0,"k":[60.548,78.82],"ix":2},"a":{"a":0,"k":[0,0],"ix":1},"s":{"a":0,"k":[100,100],"ix":3},"r":{"a":0,"k":0,"ix":6},"o":{"a":0,"k":100,"ix":7},"sk":{"a":0,"k":0,"ix":4},"sa":{"a":0,"k":0,"ix":5},"nm":"Transform"}],"nm":"Group 1","np":2,"cix":2,"bm":0,"ix":1,"mn":"ADBE Vector Group","hd":false}],"ip":15,"op":1815,"st":15,"bm":0,"completed":true},{"ddd":0,"ind":9,"ty":4,"nm":"Element 8","sr":1,"ks":{"o":{"a":1,"k":[{"i":{"x":[0.833],"y":[1]},"o":{"x":[0.167],"y":[0]},"t":10.793,"s":[0]},{"i":{"x":[0.833],"y":[1]},"o":{"x":[0.167],"y":[0]},"t":12.871,"s":[100]},{"i":{"x":[0.833],"y":[0.601]},"o":{"x":[0.72],"y":[0]},"t":27.42,"s":[100]},{"t":56,"s":[0]}],"ix":11},"r":{"a":0,"k":0,"ix":10},"p":{"a":1,"k":[{"i":{"x":0.33,"y":1},"o":{"x":0.263,"y":0},"t":15.99,"s":[959.692,959.692,0],"to":[46.333,-81.667,0],"ti":[-98.333,51.667,0]},{"t":46.126953125,"s":[1397.413,873.271,0]}],"ix":2},"a":{"a":0,"k":[47.326,47.325,0],"ix":1},"s":{"a":0,"k":[100,100,100],"ix":6}},"ao":0,"shapes":[{"ty":"gr","it":[{"ind":0,"ty":"sh","ix":1,"ks":{"a":0,"k":{"i":[[-29.201999999999998,-40.318],[-13.481,-34.987],[-3.758,-34.227],[3.606,-39.722],[27.467,-39.938],[27.255,-23.339],[29.537,-13.857],[37.038,-8.552],[44.617000000000004,14.074],[28.763,19.002],[20.452,24.102],[17.724,32.876],[-1.4530000000000003,47.075],[-11.037,33.522],[-18.456000000000003,27.192],[-27.644,27.31],[-47.074999999999996,13.459],[-37.146,0.155],[-33.418,-8.857],[-36.37,-17.558]],"o":[[-17.558,-36.37],[-8.858,-33.419000000000004],[0.154,-37.147],[13.459999999999999,-47.075],[27.31,-27.644],[27.192999999999998,-18.457],[33.522,-11.038],[47.07599999999999,-1.4529999999999994],[32.877,17.724],[24.101000000000003,20.451],[19.003,28.764],[14.075,44.616],[-8.551,37.037],[-13.857000000000001,29.535999999999998],[-23.338,27.255],[-39.937,27.465999999999998],[-39.721,3.606],[-34.226,-3.758],[-34.987,-13.481],[-40.318,-29.201999999999998]],"v":[[-17.558,-36.37],[-13.481,-34.987],[0.154,-37.147],[3.606,-39.722],[27.31,-27.644],[27.255,-23.339],[33.522,-11.038],[37.038,-8.552],[32.877,17.724],[28.763,19.002],[19.003,28.764],[17.724,32.876],[-8.551,37.037],[-11.037,33.522],[-23.338,27.255],[-27.644,27.31],[-39.721,3.606],[-37.146,0.155],[-34.987,-13.481],[-36.37,-17.558]],"c":true},"ix":2},"nm":"Path 1","mn":"ADBE Vector Shape - Group","hd":false},{"ty":"fl","c":{"a":0,"k":[0.2,0.36,1,1],"ix":4},"o":{"a":0,"k":100,"ix":5},"r":1,"bm":0,"nm":"Fill 1","mn":"ADBE Vector Graphic - Fill","hd":false},{"ty":"tr","p":{"a":0,"k":[47.325,47.325],"ix":2},"a":{"a":0,"k":[0,0],"ix":1},"s":{"a":0,"k":[100,100],"ix":3},"r":{"a":0,"k":0,"ix":6},"o":{"a":0,"k":100,"ix":7},"sk":{"a":0,"k":0,"ix":4},"sa":{"a":0,"k":0,"ix":5},"nm":"Transform"}],"nm":"Group 1","np":2,"cix":2,"bm":0,"ix":1,"mn":"ADBE Vector Group","hd":false}],"ip":15,"op":1815,"st":15,"bm":0,"completed":true},{"ddd":0,"ind":10,"ty":4,"nm":"Element 7","sr":1,"ks":{"o":{"a":1,"k":[{"i":{"x":[0.833],"y":[1]},"o":{"x":[0.167],"y":[0]},"t":10.793,"s":[0]},{"i":{"x":[0.833],"y":[1]},"o":{"x":[0.167],"y":[0]},"t":12.871,"s":[100]},{"i":{"x":[0.833],"y":[0.601]},"o":{"x":[0.72],"y":[0]},"t":27.42,"s":[100]},{"t":56,"s":[0]}],"ix":11},"r":{"a":0,"k":0,"ix":10},"p":{"a":1,"k":[{"i":{"x":0.33,"y":1},"o":{"x":0.229,"y":0},"t":15.99,"s":[958.09,958.244,0],"to":[18.333,-110,0],"ti":[-64.333,76,0]},{"t":34.6953125,"s":[1316.148,645.839,0]}],"ix":2},"a":{"a":0,"k":[77.856,74.774,0],"ix":1},"s":{"a":0,"k":[100,100,100],"ix":6}},"ao":0,"shapes":[{"ty":"gr","it":[{"ind":0,"ty":"sh","ix":1,"ks":{"a":0,"k":{"i":[[-18.607,24.774],[-24.993000000000002,-5.2379999999999995],[18.555999999999997,-22.893],[27.839,-10.792]],"o":[[-27.856,12.719000000000001],[0.46799999999999997,-24.774],[27.823,-10.815],[27.857,-10.77]],"v":[[-18.607,24.774],[-12.262,-15.006],[27.805,-10.838],[27.857,-10.77]],"c":false},"ix":2},"nm":"Path 1","mn":"ADBE Vector Shape - Group","hd":false},{"ty":"st","c":{"a":0,"k":[0.1464,0.3118,0.9736,1],"ix":3},"o":{"a":0,"k":100,"ix":4},"w":{"a":0,"k":20,"ix":5},"lc":2,"lj":2,"bm":0,"nm":"Stroke 1","mn":"ADBE Vector Graphic - Stroke","hd":false},{"ty":"tr","p":{"a":0,"k":[77.856,74.774],"ix":2},"a":{"a":0,"k":[0,0],"ix":1},"s":{"a":0,"k":[100,100],"ix":3},"r":{"a":0,"k":0,"ix":6},"o":{"a":0,"k":100,"ix":7},"sk":{"a":0,"k":0,"ix":4},"sa":{"a":0,"k":0,"ix":5},"nm":"Transform"}],"nm":"Group 1","np":2,"cix":2,"bm":0,"ix":1,"mn":"ADBE Vector Group","hd":false}],"ip":15,"op":1815,"st":15,"bm":0,"completed":true},{"ddd":0,"ind":11,"ty":4,"nm":"Element 6","sr":1,"ks":{"o":{"a":1,"k":[{"i":{"x":[0.833],"y":[1]},"o":{"x":[0.167],"y":[0]},"t":10.793,"s":[0]},{"i":{"x":[0.833],"y":[1]},"o":{"x":[0.167],"y":[0]},"t":12.871,"s":[100]},{"i":{"x":[0.833],"y":[0.601]},"o":{"x":[0.72],"y":[0]},"t":27.42,"s":[100]},{"t":56,"s":[0]}],"ix":11},"r":{"a":0,"k":0,"ix":10},"p":{"a":1,"k":[{"i":{"x":0.33,"y":1},"o":{"x":0.189,"y":0},"t":15.99,"s":[959.693,959.693,0],"to":[-138,24.333,0],"ti":[110,-64.333,0]},{"t":33.134765625,"s":[529.471,1363.811,0]}],"ix":2},"a":{"a":0,"k":[47.326,47.325,0],"ix":1},"s":{"a":0,"k":[100,100,100],"ix":6}},"ao":0,"shapes":[{"ty":"gr","it":[{"ind":0,"ty":"sh","ix":1,"ks":{"a":0,"k":{"i":[[-29.201999999999998,-40.318],[-13.481,-34.987],[-3.759,-34.227],[3.605,-39.723],[27.467,-39.938],[27.255,-23.339],[29.535,-13.857],[37.037,-8.553],[44.615,14.074],[28.763,19.002],[20.452,24.102],[17.724,32.875],[-1.4529999999999994,47.075],[-11.039,33.522],[-18.458,27.192],[-27.645,27.31],[-47.075,13.459],[-37.146,0.154],[-33.419000000000004,-8.857],[-36.37,-17.558]],"o":[[-17.558,-36.37],[-8.858,-33.42],[0.154,-37.147],[13.458,-47.075],[27.31,-27.644],[27.192,-18.457],[33.521,-11.038],[47.075,-1.4530000000000012],[32.875,17.724],[24.101000000000003,20.451],[19.003,28.764],[14.075,44.616],[-8.552,37.037],[-13.858,29.534999999999997],[-23.339,27.254],[-39.938,27.467],[-39.722,3.606],[-34.226,-3.759],[-34.987,-13.481],[-40.318,-29.201999999999998]],"v":[[-17.558,-36.37],[-13.481,-34.987],[0.154,-37.147],[3.605,-39.723],[27.31,-27.644],[27.255,-23.339],[33.521,-11.038],[37.037,-8.553],[32.875,17.724],[28.763,19.002],[19.003,28.764],[17.724,32.875],[-8.552,37.037],[-11.039,33.522],[-23.339,27.254],[-27.645,27.31],[-39.722,3.606],[-37.146,0.154],[-34.987,-13.481],[-36.37,-17.558]],"c":true},"ix":2},"nm":"Path 1","mn":"ADBE Vector Shape - Group","hd":false},{"ty":"fl","c":{"a":0,"k":[0.2,0.36,1,1],"ix":4},"o":{"a":0,"k":100,"ix":5},"r":1,"bm":0,"nm":"Fill 1","mn":"ADBE Vector Graphic - Fill","hd":false},{"ty":"tr","p":{"a":0,"k":[47.325,47.325],"ix":2},"a":{"a":0,"k":[0,0],"ix":1},"s":{"a":0,"k":[100,100],"ix":3},"r":{"a":0,"k":0,"ix":6},"o":{"a":0,"k":100,"ix":7},"sk":{"a":0,"k":0,"ix":4},"sa":{"a":0,"k":0,"ix":5},"nm":"Transform"}],"nm":"Group 1","np":2,"cix":2,"bm":0,"ix":1,"mn":"ADBE Vector Group","hd":false}],"ip":15,"op":1815,"st":15,"bm":0,"completed":true},{"ddd":0,"ind":12,"ty":4,"nm":"Element 5","sr":1,"ks":{"o":{"a":1,"k":[{"i":{"x":[0.833],"y":[1]},"o":{"x":[0.167],"y":[0]},"t":10.793,"s":[0]},{"i":{"x":[0.833],"y":[1]},"o":{"x":[0.167],"y":[0]},"t":12.871,"s":[100]},{"i":{"x":[0.833],"y":[0.601]},"o":{"x":[0.72],"y":[0]},"t":27.42,"s":[100]},{"t":56,"s":[0]}],"ix":11},"r":{"a":0,"k":0,"ix":10},"p":{"a":1,"k":[{"i":{"x":0.33,"y":1},"o":{"x":0.283,"y":0},"t":15.99,"s":[960,960,0],"to":[-178.333,3,0],"ti":[124.333,-150,0]},{"t":47.166015625,"s":[517.297,1177.159,0]}],"ix":2},"a":{"a":0,"k":[30.771,30.771,0],"ix":1},"s":{"a":0,"k":[100,100,100],"ix":6}},"ao":0,"shapes":[{"ty":"gr","it":[{"ind":0,"ty":"sh","ix":1,"ks":{"a":0,"k":{"i":[[30.521,-16.856],[16.856,30.521],[-30.521,16.856],[-16.857,-30.521]],"o":[[30.521,16.856],[-16.857,30.521],[-30.521,-16.856],[16.856,-30.521]],"v":[[30.521,0],[0,30.521],[-30.521,0],[0,-30.521]],"c":true},"ix":2},"nm":"Path 1","mn":"ADBE Vector Shape - Group","hd":false},{"ty":"fl","c":{"a":0,"k":[0.1464,0.3118,0.9736,1],"ix":4},"o":{"a":0,"k":100,"ix":5},"r":1,"bm":0,"nm":"Fill 1","mn":"ADBE Vector Graphic - Fill","hd":false},{"ty":"tr","p":{"a":0,"k":[30.771,30.771],"ix":2},"a":{"a":0,"k":[0,0],"ix":1},"s":{"a":0,"k":[100,100],"ix":3},"r":{"a":0,"k":0,"ix":6},"o":{"a":0,"k":100,"ix":7},"sk":{"a":0,"k":0,"ix":4},"sa":{"a":0,"k":0,"ix":5},"nm":"Transform"}],"nm":"Group 1","np":2,"cix":2,"bm":0,"ix":1,"mn":"ADBE Vector Group","hd":false}],"ip":15,"op":1815,"st":15,"bm":0,"completed":true},{"ddd":0,"ind":13,"ty":4,"nm":"Element 4","sr":1,"ks":{"o":{"a":1,"k":[{"i":{"x":[0.833],"y":[1]},"o":{"x":[0.167],"y":[0]},"t":10.793,"s":[0]},{"i":{"x":[0.833],"y":[1]},"o":{"x":[0.167],"y":[0]},"t":12.871,"s":[100]},{"i":{"x":[0.833],"y":[0.601]},"o":{"x":[0.72],"y":[0]},"t":27.42,"s":[100]},{"t":56,"s":[0]}],"ix":11},"r":{"a":0,"k":0,"ix":10},"p":{"a":1,"k":[{"i":{"x":0.33,"y":1},"o":{"x":0.273,"y":0},"t":15.99,"s":[960,960,0],"to":[-94.667,-86.667,0],"ti":[140.667,20.667,0]},{"t":46.64453125,"s":[446.624,934.727,0]}],"ix":2},"a":{"a":0,"k":[42,25.144,0],"ix":1},"s":{"a":0,"k":[100,100,100],"ix":6}},"ao":0,"shapes":[{"ty":"gr","it":[{"ind":0,"ty":"sh","ix":1,"ks":{"a":0,"k":{"i":[[35.514,-22.569],[40.921,1.552],[39.425,8.919],[-28.148,24.066],[-35.514,22.569],[-40.922,-1.553],[-39.425000000000004,-8.919],[28.148,-24.066]],"o":[[36.343,-18.872],[41.75,5.2490000000000006],[35.727,9.747],[-31.845,24.894],[-36.344,18.872],[-41.75,-5.25],[-35.728,-9.747],[31.845,-24.894]],"v":[[36.343,-18.872],[40.921,1.552],[35.727,9.747],[-28.148,24.066],[-36.344,18.872],[-40.922,-1.553],[-35.728,-9.747],[28.148,-24.066]],"c":true},"ix":2},"nm":"Path 1","mn":"ADBE Vector Shape - Group","hd":false},{"ty":"fl","c":{"a":0,"k":[0.3048,0.4069,0.8152,1],"ix":4},"o":{"a":0,"k":100,"ix":5},"r":1,"bm":0,"nm":"Fill 1","mn":"ADBE Vector Graphic - Fill","hd":false},{"ty":"tr","p":{"a":0,"k":[42,25.144],"ix":2},"a":{"a":0,"k":[0,0],"ix":1},"s":{"a":0,"k":[100,100],"ix":3},"r":{"a":0,"k":0,"ix":6},"o":{"a":0,"k":100,"ix":7},"sk":{"a":0,"k":0,"ix":4},"sa":{"a":0,"k":0,"ix":5},"nm":"Transform"}],"nm":"Group 1","np":2,"cix":2,"bm":0,"ix":1,"mn":"ADBE Vector Group","hd":false}],"ip":15,"op":1815,"st":15,"bm":0,"completed":true},{"ddd":0,"ind":14,"ty":4,"nm":"Element 3","sr":1,"ks":{"o":{"a":1,"k":[{"i":{"x":[0.833],"y":[1]},"o":{"x":[0.167],"y":[0]},"t":10.793,"s":[0]},{"i":{"x":[0.833],"y":[1]},"o":{"x":[0.167],"y":[0]},"t":12.871,"s":[100]},{"i":{"x":[0.833],"y":[0.601]},"o":{"x":[0.72],"y":[0]},"t":27.42,"s":[100]},{"t":56,"s":[0]}],"ix":11},"r":{"a":0,"k":0,"ix":10},"p":{"a":1,"k":[{"i":{"x":0.33,"y":1},"o":{"x":0.174,"y":0},"t":15.99,"s":[959.693,959.692,0],"to":[-113.667,-146,0],"ti":[119.667,22.5,0]},{"t":42.48828125,"s":[529.471,736.071,0]}],"ix":2},"a":{"a":0,"k":[47.326,47.325,0],"ix":1},"s":{"a":0,"k":[100,100,100],"ix":6}},"ao":0,"shapes":[{"ty":"gr","it":[{"ind":0,"ty":"sh","ix":1,"ks":{"a":0,"k":{"i":[[-29.201999999999998,-40.318],[-13.481,-34.987],[-3.759,-34.227],[3.605,-39.722],[27.467,-39.938],[27.255,-23.339],[29.535,-13.857],[37.037,-8.552],[44.615,14.074],[28.763,19.002],[20.452,24.102],[17.724,32.876],[-1.4529999999999994,47.075],[-11.039,33.522],[-18.458,27.192],[-27.645,27.309],[-47.075,13.459],[-37.146,0.154],[-33.419000000000004,-8.857],[-36.37,-17.558]],"o":[[-17.558,-36.37],[-8.858,-33.419000000000004],[0.154,-37.147],[13.458,-47.075],[27.31,-27.644],[27.192,-18.457],[33.521,-11.038],[47.075,-1.4529999999999994],[32.875,17.724],[24.101000000000003,20.451],[19.003,28.764],[14.075,44.616],[-8.552,37.037],[-13.858,29.535999999999998],[-23.339,27.255],[-39.938,27.466],[-39.722,3.605],[-34.226,-3.758],[-34.987,-13.481],[-40.318,-29.201999999999998]],"v":[[-17.558,-36.37],[-13.481,-34.987],[0.154,-37.147],[3.605,-39.722],[27.31,-27.644],[27.255,-23.339],[33.521,-11.038],[37.037,-8.552],[32.875,17.724],[28.763,19.002],[19.003,28.764],[17.724,32.876],[-8.552,37.037],[-11.039,33.522],[-23.339,27.255],[-27.645,27.309],[-39.722,3.605],[-37.146,0.154],[-34.987,-13.481],[-36.37,-17.558]],"c":true},"ix":2},"nm":"Path 1","mn":"ADBE Vector Shape - Group","hd":false},{"ty":"fl","c":{"a":0,"k":[0.278,0.4148,0.962,1],"ix":4},"o":{"a":0,"k":100,"ix":5},"r":1,"bm":0,"nm":"Fill 1","mn":"ADBE Vector Graphic - Fill","hd":false},{"ty":"tr","p":{"a":0,"k":[47.325,47.325],"ix":2},"a":{"a":0,"k":[0,0],"ix":1},"s":{"a":0,"k":[100,100],"ix":3},"r":{"a":0,"k":0,"ix":6},"o":{"a":0,"k":100,"ix":7},"sk":{"a":0,"k":0,"ix":4},"sa":{"a":0,"k":0,"ix":5},"nm":"Transform"}],"nm":"Group 1","np":2,"cix":2,"bm":0,"ix":1,"mn":"ADBE Vector Group","hd":false}],"ip":15,"op":1815,"st":15,"bm":0,"completed":true},{"ddd":0,"ind":15,"ty":4,"nm":"Element 2","sr":1,"ks":{"o":{"a":1,"k":[{"i":{"x":[0.833],"y":[1]},"o":{"x":[0.167],"y":[0]},"t":10.793,"s":[0]},{"i":{"x":[0.833],"y":[1]},"o":{"x":[0.167],"y":[0]},"t":12.871,"s":[100]},{"i":{"x":[0.833],"y":[0.601]},"o":{"x":[0.72],"y":[0]},"t":27.42,"s":[100]},{"t":56,"s":[0]}],"ix":11},"r":{"a":0,"k":0,"ix":10},"p":{"a":1,"k":[{"i":{"x":0.33,"y":1},"o":{"x":0.292,"y":0},"t":15.99,"s":[960,960,0],"to":[-95.667,-127,0],"ti":[3.667,95,0]},{"t":47.6875,"s":[788.638,547.457,0]}],"ix":2},"a":{"a":0,"k":[33.515,41.664,0],"ix":1},"s":{"a":0,"k":[100,100,100],"ix":6}},"ao":0,"shapes":[{"ty":"gr","it":[{"ind":0,"ty":"sh","ix":1,"ks":{"a":0,"k":{"i":[[32.14,27.159],[10.733,39.519],[3.255,40.289],[-31.37,-19.683],[-32.14,-27.16],[-10.732,-39.52],[-3.255,-40.29],[31.37,19.682]],"o":[[28.859,29.054],[7.4510000000000005,41.414],[1.36,37.008],[-33.265,-22.964],[-28.859,-29.054],[-7.450999999999999,-41.414],[-1.36,-37.009],[33.265,22.964]],"v":[[28.859,29.054],[10.733,39.519],[1.36,37.008],[-31.37,-19.683],[-28.859,-29.054],[-10.732,-39.52],[-1.36,-37.009],[31.37,19.682]],"c":true},"ix":2},"nm":"Path 1","mn":"ADBE Vector Shape - Group","hd":false},{"ty":"fl","c":{"a":0,"k":[0.278,0.4148,0.962,1],"ix":4},"o":{"a":0,"k":100,"ix":5},"r":1,"bm":0,"nm":"Fill 1","mn":"ADBE Vector Graphic - Fill","hd":false},{"ty":"tr","p":{"a":0,"k":[33.515,41.664],"ix":2},"a":{"a":0,"k":[0,0],"ix":1},"s":{"a":0,"k":[100,100],"ix":3},"r":{"a":0,"k":0,"ix":6},"o":{"a":0,"k":100,"ix":7},"sk":{"a":0,"k":0,"ix":4},"sa":{"a":0,"k":0,"ix":5},"nm":"Transform"}],"nm":"Group 1","np":2,"cix":2,"bm":0,"ix":1,"mn":"ADBE Vector Group","hd":false}],"ip":15,"op":1815,"st":15,"bm":0,"completed":true},{"ddd":0,"ind":16,"ty":4,"nm":"Element 1","sr":1,"ks":{"o":{"a":1,"k":[{"i":{"x":[0.833],"y":[0.833]},"o":{"x":[0.167],"y":[0.167]},"t":10.793,"s":[0]},{"i":{"x":[0.833],"y":[0.833]},"o":{"x":[0.167],"y":[0.167]},"t":12.871,"s":[100]},{"i":{"x":[0.833],"y":[0.833]},"o":{"x":[0.167],"y":[0.167]},"t":27.42,"s":[100]},{"t":56,"s":[0]}],"ix":11},"r":{"a":0,"k":0,"ix":10},"p":{"a":1,"k":[{"i":{"x":0.33,"y":1},"o":{"x":0.252,"y":0},"t":15.99,"s":[960,960,0],"to":[22,-151.667,0],"ti":[40,75.667,0]},{"t":45.607421875,"s":[1027.199,504.507,0]}],"ix":2},"a":{"a":0,"k":[30.771,30.771,0],"ix":1},"s":{"a":0,"k":[100,100,100],"ix":6}},"ao":0,"shapes":[{"ty":"gr","it":[{"ind":0,"ty":"sh","ix":1,"ks":{"a":0,"k":{"i":[[30.522,-16.857000000000003],[16.856,30.522],[-30.522,16.855999999999998],[-16.857,-30.522]],"o":[[30.522,16.855999999999998],[-16.857,30.522],[-30.522,-16.857000000000003],[16.856,-30.522]],"v":[[30.522,-0.001],[0,30.522],[-30.522,-0.001],[0,-30.522]],"c":true},"ix":2},"nm":"Path 1","mn":"ADBE Vector Shape - Group","hd":false},{"ty":"fl","c":{"a":0,"k":[0.2773,0.5792,0.6627,1],"ix":4},"o":{"a":0,"k":100,"ix":5},"r":1,"bm":0,"nm":"Fill 1","mn":"ADBE Vector Graphic - Fill","hd":false},{"ty":"tr","p":{"a":0,"k":[30.771,30.772],"ix":2},"a":{"a":0,"k":[0,0],"ix":1},"s":{"a":0,"k":[100,100],"ix":3},"r":{"a":0,"k":0,"ix":6},"o":{"a":0,"k":100,"ix":7},"sk":{"a":0,"k":0,"ix":4},"sa":{"a":0,"k":0,"ix":5},"nm":"Transform"}],"nm":"Group 1","np":2,"cix":2,"bm":0,"ix":1,"mn":"ADBE Vector Group","hd":false}],"ip":15,"op":1815,"st":15,"bm":0,"completed":true}],"markers":[],"__complete":true}